SET search_path to lbaw23113;

insert into users (username, email, name, description, password, img, deleted, rate, type) values ('andreia', 'andreia@lbaw.com', 'Andreia Silva', 'User default da Andreia.', '$2y$10$omqxg2RzFdFk.kpcYvgkme2YcEbaqJkLUhvwvYBI4ebNe9c9MckBa', '/images/user.jpg', false, 5, 'admin');
insert into users (username, email, name, description, password, img, deleted, rate, type) values ('belchior', 'belchior@lbaw.com', 'João Belchior', 'User default do Belchior.', '$2y$10$iYrWVx4Ef4AK9Q6xsVReTubMx.IVmPucMIVWYgXdt4tWJWYZeEE3G', 'https://sigarra.up.pt/feup/en/imagens/LogotipoSI', false, 5, 'user');
insert into users (username, email, name, description, password, img, deleted, rate, type) values ('marcelino', 'marcelino@lbaw.com', 'Pedro Marcelino', 'User default do Marcelino.', '$2y$10$NW.3yOcuxmGek6kgbmO3fuK0EiF06Ll/gZ6/NaoCj34KqmecxNlTi', 'https://sigarra.up.pt/feup/en/imagens/LogotipoSI', false, 5, 'user');
insert into users (username, email, name, description, password, img, deleted, rate, type) values ('veiga', 'veiga@lbaw.com', 'José Veiga', 'User default do Veiga.', '$2y$10$CSEsyfvYOOfXw6XqOTyzMOI9wcVJWPv/mr8ehQ9LatnU9CkFxI./S', 'https://sigarra.up.pt/feup/en/imagens/LogotipoSI', false, 5, 'user');
insert into users (username, email, name, description, password, img, deleted, rate, type) values ('default', 'default@default.com', 'Default', 'User default.', '$2y$10$v04j1no5DTLrjUG8QHUztOzTTKapKj6Us/olbZR93kZB7hPBhOBmG', 'https://sigarra.up.pt/feup/en/imagens/LogotipoSI', false, 3, 'admin');
insert into users (username, email, name, description, password, img, deleted, rate, type) values ('test', 'test@test.com', 'Test', 'User test.', '$2y$10$DG6knbMi1PBG3tmTpb1GgOKmjBxo/yQms0Q3RXR/sO4WCmKFFXSu.', 'https://sigarra.up.pt/feup/en/imagens/LogotipoSI', false, 2, 'admin');
insert into users (username, email, name, description, password, img, deleted, rate, type) values ('art_lover_01', 'artlover01@email.com', 'Art Lover', 'Passionate about the beauty of classical art and sculptures. A connoisseur of timeless masterpieces, always on the lookout for the next addition to their collection.', 'aG3r$#fTq2!xZpL9', 'https://source.unsplash.com/featured/?art', false, 4.5, 'user');
insert into users (username, email, name, description, password, img, deleted, rate, type) values ('photo_artista', 'photoartista@email.com', 'Photo Artista', 'A photography enthusiast with an eye for capturing the extraordinary in the ordinary. Believes in the power of visual storytelling and seeks unique photographic prints to adorn their space.', 'bR8v%&jY1@kZsW7', 'https://source.unsplash.com/featured/?photography', false, 4.0, 'user');
insert into users (username, email, name, description, password, img, deleted, rate, type) values ('modern_canvas', 'moderncanvas@email.com', 'Modern Canvas', 'Embraces the vibrancy of modern and contemporary art. Enthusiastic about bold strokes, abstract concepts, and groundbreaking ideas. Constantly exploring the latest trends in the art world.', 'cX5t#^gU9&vM2*pK', 'https://source.unsplash.com/featured/?modernart', false, 4.2, 'user');
insert into users (username, email, name, description, password, img, deleted, rate, type) values ('print_collector', 'printcollector@email.com', 'Print Collector', 'Enjoys the diversity of art prints. From classic woodblock prints to modern digital creations, this collector appreciates the artistry and craftsmanship behind each unique print.', 'dZ6o$!iP7^uQ8*rE', 'https://source.unsplash.com/featured/?artprint', false, 4.8, 'user');
insert into users (username, email, name, description, password, img, deleted, rate, type) values ('sculpture_aficionado', 'sculptureaficionado@email.com', 'Sculpture Aficionado', 'Finds beauty in three-dimensional forms. Enthusiastic about sculptures that convey emotion, tell a story, or challenge traditional perceptions. Always seeking the next captivating piece for their collection.', 'eH1a@^bR3*yZ7!sQ', 'https://source.unsplash.com/featured/?sculpture', false, 4.3, 'user');
insert into users (username, email, name, description, password, img, deleted, rate, type) values ('minimalist_collector', 'minimalistcollector@email.com', 'Minimalist Collector', 'Finds beauty in simplicity. Appreciates minimalist art and sculptures that convey powerful messages through clean lines and subtle details. Seeks pieces that bring tranquility and sophistication to their living space.', 'fK2u!@wX4^zP9%oL', 'https://source.unsplash.com/featured/?minimalistart', false, 4.7, 'user');
insert into users (username, email, name, description, password, img, deleted, rate, type) values ('art_symphonist', 'artsymphonist@email.com', 'Art Symphonist', 'Passionate about the harmony between colors and forms.', 'aG3r$#fTq2!xZpL9', 'https://source.unsplash.com/featured/?art', false, 4.5, 'user');
insert into users (username, email, name, description, password, img, deleted, rate, type) values ('art_melody', 'artmelody@email.com', 'Art Melody', 'Seeking inspiration in the rhythmic expressions of art.', 'bR8v%&jY1@kZsW7', 'https://source.unsplash.com/featured/?classicalart', false, 4.2, 'user');
insert into users (username, email, name, description, password, img, deleted, rate, type) values ('canvas_poet', 'canvaspoet@email.com', 'Canvas Poet', 'Crafting verses inspired by strokes on the canvas.', 'cX5t#^gU9&vM2*pK', 'https://source.unsplash.com/featured/?modernart', false, 3.8, 'user');
INSERT INTO users (username, email, name, description, password, img, deleted, rate, type) VALUES ('art_echo', 'artecho@email.com', 'Art Echo', 'Echoing the emotions captured in every stroke and hue.', 'gH6j@^iO7*rE2!sQ', 'https://source.unsplash.com/featured/?artistic', false, 4.2, 'user');
INSERT INTO users (username, email, name, description, password, img, deleted, rate, type) VALUES ('muse_in_motion', 'museinmotion@email.com', 'Muse in Motion', 'Drawing inspiration from the dynamic flow of artistic expression.', 'hT9p!^bR3*yZ7!sQ', 'https://source.unsplash.com/featured/?motionart', false, 4.8, 'user');
INSERT INTO users (username, email, name, description, password, img, deleted, rate, type) VALUES ('color_voyager', 'colorvoyager@email.com', 'Color Voyager', 'Embarking on a journey through the vast palette of artistic colors.', 'iO4u$!@wX8^zP2%oL', 'https://source.unsplash.com/featured/?colorfulart', false, 3.5, 'user');
INSERT INTO users (username, email, name, description, password, img, deleted, rate, type) VALUES ('art_affinity', 'artaffinity@email.com', 'Art Affinity', 'Fostering a deep connection with diverse forms of artistic expression.', 'jP7l^&kZ6o$!iY1@', 'https://source.unsplash.com/featured/?diverseart', false, 4.1, 'user');
INSERT INTO users (username, email, name, description, password, img, deleted, rate, type) VALUES ('serene_sketcher', 'serenesketcher@email.com', 'Serene Sketcher', 'Capturing tranquility through the gentle strokes of sketching.', 'kZ2zP9%oL#fK1u!@w', 'https://source.unsplash.com/featured/?sketching', false, 4.6, 'user');
INSERT INTO users (username, email, name, description, password, img, deleted, rate, type) VALUES ('visual_virtuoso', 'visualvirtuoso@email.com', 'Visual Virtuoso', 'Mastering the art of visual storytelling through various mediums.', 'lX5t#^gU3&vM4*pK', 'https://source.unsplash.com/featured/?visualart', false, 4.3, 'user');
INSERT INTO users (username, email, name, description, password, img, deleted, rate, type) VALUES ('art_zenith', 'artzenith@email.com', 'Art Zenith', 'Reaching the zenith of artistic exploration and expression.', 'mQ8v%&jY9@bR2sW7', 'https://source.unsplash.com/featured/?zenithart', false, 3.9, 'user');
INSERT INTO users (username, email, name, description, password, img, deleted, rate, type) VALUES ('palette_pioneer', 'palettepioneer@email.com', 'Palette Pioneer', 'Pioneering new horizons in the world of color and creativity.', 'nH1a@^bR6*yZ4!sQ', 'https://source.unsplash.com/featured/?creativepalette', false, 4.7, 'user');
INSERT INTO users (username, email, name, description, password, img, deleted, rate, type) VALUES ('art_voyager', 'artvoyager@email.com', 'Art Voyager', 'Embarking on a voyage through the vast universe of artistic expression.', 'oZ6o$!iP3^uQ9*rE', 'https://source.unsplash.com/featured/?artuniverse', false, 3.7, 'user');
INSERT INTO users (username, email, name, description, password, img, deleted, rate, type) VALUES ('mystic_mosaic', 'mysticmosaic@email.com', 'Mystic Mosaic', 'Creating a mosaic of mystique and wonder through artistic endeavors.', 'pT7l^&kZ4o$!iY2@', 'https://source.unsplash.com/featured/?mysticart', false, 4.4, 'user');
INSERT INTO users (username, email, name, description, password, img, deleted, rate, type) VALUES ('ethereal_expression', 'etherealexpression@email.com', 'Ethereal Expression', 'Transcending reality through ethereal and otherworldly art forms.', 'qU9tH1a@^zP3%fK2u!', 'https://source.unsplash.com/featured/?etherealart', false, 4.2, 'user');
INSERT INTO users (username, email, name, description, password, img, deleted, rate, type) VALUES ('dreamscape_creator', 'dreamscapecreator@email.com', 'Dreamscape Creator', 'Crafting vivid dreams and fantasies through artistic landscapes.', 'rO4w!^xP8#zL2%uJ3', 'https://source.unsplash.com/featured/?dreamscapeart', false, 4.8, 'user');
INSERT INTO users (username, email, name, description, password, img, deleted, rate, type) VALUES ('whimsical_wanderer', 'whimsicalwanderer@email.com', 'Whimsical Wanderer', 'Wandering through the whimsical realms of imagination and creativity.', 'sK7yZ4u!%oL#fX8^zP', 'https://source.unsplash.com/featured/?whimsicalart', false, 3.5, 'user');
INSERT INTO users (username, email, name, description, password, img, deleted, rate, type) VALUES ('artistic_adventurer', 'artisticadventurer@email.com', 'Artistic Adventurer', 'Embarking on daring artistic adventures, exploring the unknown.', 'tH2v%&jY9@kZ1o$!iP', 'https://source.unsplash.com/featured/?adventurousart', false, 4.1, 'user');
INSERT INTO users (username, email, name, description, password, img, deleted, rate, type) VALUES ('visual_vagabond', 'visualvagabond@email.com', 'Visual Vagabond', 'Roaming freely through the vast and diverse landscapes of visual artistry.', 'uQ5l^&kZ3o$!iY6@', 'https://source.unsplash.com/featured/?vagabondart', false, 4.6, 'user');
INSERT INTO users (username, email, name, description, password, img, deleted, rate, type) VALUES ('enigmatic_artisan', 'enigmaticartisan@email.com', 'Enigmatic Artisan', 'Crafting enigmatic and mysterious pieces that captivate the imagination.', 'vR8zL4u!%oH#fX7^jY', 'https://source.unsplash.com/featured/?enigmaticart', false, 4.3, 'user');
INSERT INTO users (username, email, name, description, password, img, deleted, rate, type) VALUES ('artful_alchemist', 'artfulalchemist@email.com', 'Artful Alchemist', 'Transforming raw creativity into a concoction of artful wonders.', 'wP9%oL#fH2v%&jY7@', 'https://source.unsplash.com/featured/?alchemistart', false, 3.9, 'user');
INSERT INTO users (username, email, name, description, password, img, deleted, rate, type) VALUES ('colorful_catalyst', 'colorfulcatalyst@email.com', 'Colorful Catalyst', 'Igniting creativity through the vibrant sparks of colorful artistic expression.', 'xO2u!%oL#fK6*yZ4iP', 'https://source.unsplash.com/featured/?colorcatalystart', false, 4.7, 'user');
INSERT INTO users (username, email, name, description, password, img, deleted, rate, type) VALUES ('artistic_architect', 'artisticarchitect@email.com', 'Artistic Architect', 'Designing intricate worlds and structures through the lens of artistic architecture.', 'yZ6o$!iP3^uQ9*rH1a', 'https://source.unsplash.com/featured/?architectart', false, 3.7, 'user');
INSERT INTO users (username, email, name, description, password, img, deleted, rate, type) VALUES ('mystical_maestro', 'mysticalmaestro@email.com', 'Mystical Maestro', 'Conducting the symphony of mystical artistry with a touch of magic.', 'zL3&vM4*pK1o$!iY8@', 'https://source.unsplash.com/featured/?mysticalmaestroart', false, 4.4, 'user');
INSERT INTO users (username, email, name, description, password, img, deleted, rate, type) VALUES ('artistic_echo', 'artisticecho@email.com', 'Artistic Echo', 'Creating echoes of emotion through diverse forms of artistic expression.', 'aG3r$#fTq2!xZpL9', 'https://source.unsplash.com/featured/?echoart', false, 4.2, 'user');
INSERT INTO users (username, email, name, description, password, img, deleted, rate, type) VALUES ('whispering_canvas', 'whisperingcanvas@email.com', 'Whispering Canvas', 'Letting the canvas whisper stories that resonate with the soul.', 'bR8v%&jY1@kZsW7', 'https://source.unsplash.com/featured/?whisperart', false, 4.8, 'user');
INSERT INTO users (username, email, name, description, password, img, deleted, rate, type) VALUES ('dream_weaver', 'dreamweaver@email.com', 'Dream Weaver', 'Weaving dreams and fantasies into the fabric of artistic creation.', 'cX5t#^gU9&vM2*pK', 'https://source.unsplash.com/featured/?dreamweaverart', false, 3.5, 'user');
INSERT INTO users (username, email, name, description, password, img, deleted, rate, type) VALUES ('artistic_visionary', 'artisticvisionary@email.com', 'Artistic Visionary', 'Visionary pursuits in the world of art, pushing the boundaries of creativity.', 'dZ6o$!iP7^uQ8*rE', 'https://source.unsplash.com/featured/?visionaryart', false, 4.1, 'user');
INSERT INTO users (username, email, name, description, password, img, deleted, rate, type) VALUES ('color_harmonist', 'colorharmonist@email.com', 'Color Harmonist', 'Harmonizing colors in artistic endeavors to evoke emotion and beauty.', 'eH1a@^bR3*yZ7!sQ', 'https://source.unsplash.com/featured/?colorharmonyart', false, 4.6, 'user');
INSERT INTO users (username, email, name, description, password, img, deleted, rate, type) VALUES ('imagination_alchemist', 'imagnation_alchemist@email.com', 'Imagination Alchemist', 'Transforming raw imagination into the gold of artistic brilliance.', 'fK2u!@wX4^zP9%oL', 'https://source.unsplash.com/featured/?imaginationalchemistart', false, 4.3, 'user');
INSERT INTO users (username, email, name, description, password, img, deleted, rate, type) VALUES ('serene_strokes', 'serenestrokes@email.com', 'Serene Strokes', 'Conveying serenity through gentle strokes on the canvas of life.', 'gH6j@^iO7*rE2!sQ', 'https://source.unsplash.com/featured/?serenestrokeart', false, 3.9, 'user');
INSERT INTO users (username, email, name, description, password, img, deleted, rate, type) VALUES ('creative_nomad', 'creativenomad@email.com', 'Creative Nomad', 'Wandering creatively through diverse landscapes of artistic expression.', 'hT9p!^bR3*yZ7!sQ', 'https://source.unsplash.com/featured/?creativenomadart', false, 4.7, 'user');
INSERT INTO users (username, email, name, description, password, img, deleted, rate, type) VALUES ('luminous_palette', 'luminouspalette@email.com', 'Luminous Palette', 'Illuminating artistic endeavors with a vibrant and luminous palette.', 'iO4u$!@wX8^zP2%oL', 'https://source.unsplash.com/featured/?luminouspaletteart', false, 3.7, 'user');
INSERT INTO users (username, email, name, description, password, img, deleted, rate, type) VALUES ('artful_navigator', 'artfulnavigator@email.com', 'Artful Navigator', 'Navigating the vast seas of artistic inspiration with skill and finesse.', 'jP7l^&kZ6o$!iY1@', 'https://source.unsplash.com/featured/?artfulnavigatorart', false, 4.4, 'user');
INSERT INTO users (username, email, name, description, password, img, deleted, rate, type) VALUES ('celestial_craftsman', 'celestialcraftsman@email.com', 'Celestial Craftsman', 'Crafting art that transcends earthly boundaries and reaches for the celestial.', 'kZ2zP9%oL#fK1u!@w', 'https://source.unsplash.com/featured/?celestialcraftsmanart', false, 4.5, 'user');
INSERT INTO users (username, email, name, description, password, img, deleted, rate, type) VALUES ('ethereal_artist', 'etherealartist@email.com', 'Ethereal Artist', 'Creating art that evokes a sense of the ethereal and otherworldly.', 'lX5t#^gU3&vM4*pK', 'https://source.unsplash.com/featured/?etherealartistart', false, 4.1, 'user');
INSERT INTO users (username, email, name, description, password, img, deleted, rate, type) VALUES ('artistic_navigator', 'artisticnavigator@email.com', 'Artistic Navigator', 'Navigating the vast sea of artistic expression with passion and curiosity.', 'mQ8v%&jY9@bR2sW7', 'https://source.unsplash.com/featured/?artisticnavigatorart', false, 4.8, 'user');
INSERT INTO users (username, email, name, description, password, img, deleted, rate, type) VALUES ('whimsical_crafter', 'whimsicalcrafter@email.com', 'Whimsical Crafter', 'Crafting whimsical and imaginative pieces that bring joy and wonder.', 'nH1a@^bR6*yZ4!sQ', 'https://source.unsplash.com/featured/?whimsicalcrafterart', false, 4.2, 'user');
INSERT INTO users (username, email, name, description, password, img, deleted, rate, type) VALUES ('serendipity_sculptor', 'serendipitysculptor@email.com', 'Serendipity Sculptor', 'Sculpting pieces that capture the essence of serendipity and unexpected beauty.', 'oZ6o$!iP3^uQ9*rE', 'https://source.unsplash.com/featured/?serendipitysculptorart', false, 4.6, 'user');

insert into category (description) values ('Modern Art');
insert into category (description) values ('Classical Art');
insert into category (description) values ('Contemporary Art');
insert into category (description) values ('Abstract Art');
insert into category (description) values ('Impressionist Art');
insert into category (description) values ('Expressionist Art');
insert into category (description) values ('Surrealist Art');
insert into category (description) values ('Pop Art');
insert into category (description) values ('Realist Art');
insert into category (description) values ('Portraits');
insert into category (description) values ('Sculptures');
insert into category (description) values ('Ceramics');
insert into category (description) values ('Glass');
insert into category (description) values ('Photography');
insert into category (description) values ('Paintings');
insert into category (description) values ('Drawings');
insert into category (description) values ('Prints');

-- Paintings
insert into auction (description, name, image, owner_id, active, starting_price, start_t, end_t) values ('One of the most famous paintings ever, by Leonardo da Vinci.', 'Mona Lisa', 'https://upload.wikimedia.org/wikipedia/commons/thumb/e/ec/Mona_Lisa%2C_by_Leonardo_da_Vinci%2C_from_C2RMF_retouched.jpg/270px-Mona_Lisa%2C_by_Leonardo_da_Vinci%2C_from_C2RMF_retouched.jpg', 1, true, 1000000000, '2023-11-23 10:00:00', '2024-11-25 18:00:00');
insert into auction (description, name, image, owner_id, active, starting_price, start_t, end_t) values ('A beautiful painting by the famous Dutch painter Vincent van Gogh.', 'The Starry Night', 'https://upload.wikimedia.org/wikipedia/commons/thumb/e/ea/Van_Gogh_-_Starry_Night_-_Google_Art_Project.jpg/270px-Van_Gogh_-_Starry_Night_-_Google_Art_Project.jpg', 2, true, 800, '2023-11-24 12:00:00', '2023-11-26 18:00:00');
insert into auction (description, name, image, owner_id, active, starting_price, start_t, end_t) values ('A masterpiece by Pablo Picasso.', 'Guernica', 'https://upload.wikimedia.org/wikipedia/en/thumb/7/74/PicassoGuernica.jpg/270px-PicassoGuernica.jpg', 3, true, 900, '2023-11-25 14:00:00', '2023-11-27 18:00:00');
insert into auction (description, name, image, owner_id, active, starting_price, start_t, end_t) values ('Inspired by the French July Revolution of 1830.', 'Liberty Leading the People', 'images/auction.png', 4, true, 700, '2023-11-26 16:00:00', '2023-11-28 18:00:00');
insert into auction (description, name, image, owner_id, active, starting_price, start_t, end_t) values ('A painting of Jesus Christ by Leonardo da Vinci.', 'Salvator Mundi', 'https://upload.wikimedia.org/wikipedia/commons/thumb/7/73/Leonardo_da_Vinci%2C_Salvator_Mundi%2C_c.1500%2C_oil_on_walnut%2C_45.4_%C3%97_65.6_cm.jpg/270px-Leonardo_da_Vinci%2C_Salvator_Mundi%2C_c.1500%2C_oil_on_walnut%2C_45.4_%C3%97_65.6_cm.jpg', 5, true, 600, '2023-11-27 18:00:00', '2023-11-29 18:00:00');
insert into auction (description, name, image, owner_id, active, starting_price, start_t, end_t) values ('The most famous painting from Gustav Klimt.', 'The Kiss', 'https://upload.wikimedia.org/wikipedia/commons/thumb/4/4e/Gustav_Klimt_-_The_Kiss_%28Google_Art_Project%29.jpg/270px-Gustav_Klimt_-_The_Kiss_%28Google_Art_Project%29.jpg', 6, true, 200, '2023-11-28 20:00:00', '2023-11-30 18:00:00');
INSERT INTO auction (description, name, image, owner_id, active, starting_price, start_t, end_t) VALUES ('A masterpiece by Claude Monet capturing the tranquility of water lilies.', 'Water Lilies', 'https://upload.wikimedia.org/wikipedia/commons/thumb/1/1e/Monet_-_Water_Lilies_-_1897-1899.jpg/270px-Monet_-_Water_Lilies_-_1897-1899.jpg', 7, true, 500, '2023-11-29 09:00:00', '2023-11-30 18:00:00');
INSERT INTO auction (description, name, image, owner_id, active, starting_price, start_t, end_t) VALUES ('A surrealist gem by René Magritte, challenging our perception.', 'The Son of Man', 'https://upload.wikimedia.org/wikipedia/commons/thumb/e/ec/Ren%C3%A9_Magritte_-_The_Son_of_Man.jpg/270px-Ren%C3%A9_Magritte_-_The_Son_of_Man.jpg', 8, true, 700, '2023-11-30 11:30:00', '2023-12-02 18:00:00');
INSERT INTO auction (description, name, image, owner_id, active, starting_price, start_t, end_t) VALUES ('An iconic American Gothic scene by Grant Wood.', 'American Gothic', 'https://upload.wikimedia.org/wikipedia/commons/thumb/f/f6/Grant_Wood_-_American_Gothic_-_Google_Art_Project.jpg/270px-Grant_Wood_-_American_Gothic_-_Google_Art_Project.jpg', 9, true, 800, '2023-12-01 13:00:00', '2023-12-03 18:00:00');
INSERT INTO auction (description, name, image, owner_id, active, starting_price, start_t, end_t) VALUES ('A powerful depiction of grief and war by Kathe Kollwitz.', 'Grieving Parents', 'https://upload.wikimedia.org/wikipedia/commons/thumb/4/47/K%C3%A4the_Kollwitz_-_Grieving_Parents%2C_War_Memorial_in_Lozorno_%28Slovakia%29.jpg/270px-K%C3%A4the_Kollwitz_-_Grieving_Parents%2C_War_Memorial_in_Lozorno_%28Slovakia%29.jpg', 10, true, 750, '2023-12-02 15:30:00', '2023-12-04 18:00:00');
INSERT INTO auction (description, name, image, owner_id, active, starting_price, start_t, end_t) VALUES ('A stunning depiction of love in Gustav Klimt''s signature style.', 'Portrait of Adele Bloch-Bauer I', 'https://upload.wikimedia.org/wikipedia/commons/thumb/5/54/Gustav_Klimt_-_Adele_Bloch-Bauer_I_-_Google_Art_Project.jpg/270px-Gustav_Klimt_-_Adele_Bloch-Bauer_I_-_Google_Art_Project.jpg', 11, true, 700, '2023-12-03 17:00:00', '2023-12-05 18:00:00');
INSERT INTO auction (description, name, image, owner_id, active, starting_price, start_t, end_t) VALUES ('A revolutionary piece by Frida Kahlo, reflecting her pain and strength.', 'The Two Fridas', 'https://upload.wikimedia.org/wikipedia/commons/thumb/3/3a/Las_dos_fridas%2C_por_Frida_Kahlo.jpg/270px-Las_dos_fridas%2C_por_Frida_Kahlo.jpg', 12, true, 300, '2023-12-04 09:00:00', '2023-12-06 18:00:00');
INSERT INTO auction (description, name, image, owner_id, active, starting_price, start_t, end_t) VALUES ('A dynamic and bold work by Jackson Pollock, a pioneer of abstract expressionism.', 'No. 5, 1948', 'https://upload.wikimedia.org/wikipedia/commons/thumb/f/fa/Jackson_Pollock%2C_No._5%2C_1948%2C_Moma.jpg/270px-Jackson_Pollock%2C_No._5%2C_1948%2C_Moma.jpg', 13, true, 950, '2023-12-05 11:30:00', '2023-12-07 18:00:00');
INSERT INTO auction (description, name, image, owner_id, active, starting_price, start_t, end_t) VALUES ('A vibrant and lively composition by Wassily Kandinsky, a pioneer of abstract art.', 'Composition VIII', 'https://upload.wikimedia.org/wikipedia/commons/thumb/5/5b/Vassily_Kandinsky%2C_1923_-_Composition_8_%28part%29.jpg/270px-Vassily_Kandinsky%2C_1923_-_Composition_8_%28part%29.jpg', 14, true, 800, '2023-12-06 13:00:00', '2023-12-08 18:00:00');
INSERT INTO auction (description, name, image, owner_id, active, starting_price, start_t, end_t) VALUES ('An iconic piece by Edvard Munch, capturing the haunting nature of anxiety.', 'The Scream', 'https://upload.wikimedia.org/wikipedia/commons/thumb/f/f4/Edvard_Munch%2C_1893%2C_The_Scream%2C_oil%2C_tempera_and_pastel_on_cardboard%2C_91_x_73_cm%2C_National_Gallery_of_Norway.jpg/270px-Edvard_Munch%2C_1893%2C_The_Scream%2C_oil%2C_tempera_and_pastel_on_cardboard%2C_91_x_73_cm%2C_National_Gallery_of_Norway.jpg', 15, true, 850, '2023-12-07 15:30:00', '2023-12-09 18:00:00');
INSERT INTO auction (description, name, image, owner_id, active, starting_price, start_t, end_t) VALUES ('A groundbreaking work by Andy Warhol, celebrating pop culture and consumerism.', 'Campbell''s Soup Cans', 'https://upload.wikimedia.org/wikipedia/commons/thumb/5/53/Andy_Warhol%2C_1962%2C_Marilyn_Diptych%2C_72_%C3%97_100_in.%2C_silkscreen_ink_on_synthetic_pink_polished_wood%2C_two_panels.jpg/270px-Andy_Warhol%2C_1962%2C_Marilyn_Diptych%2C_72_%C3%97_100_in.%2C_silkscreen_ink_on_synthetic_pink_polished_wood%2C_two_panels.jpg', 16, true, 1000, '2023-12-08 09:00:00', '2023-12-10 18:00:00');
INSERT INTO auction (description, name, image, owner_id, active, starting_price, start_t, end_t) VALUES ('A timeless piece by Michelangelo, a symbol of human potential and creativity.', 'David', 'https://upload.wikimedia.org/wikipedia/commons/thumb/e/ec/Michelangelo%27s_David_by_Gian_Jacopo_Caraglio%2C_1550-1600%2C_Engraving%2C_91%2C5_x_38_cm%2C_Florence%2C_Fitzwilliam_Museum%2C_Cambridge%2C_UK.jpg/270px-Michelangelo%27s_David_by_Gian_Jacopo_Caraglio%2C_1550-1600%2C_Engraving%2C_91%2C5_x_38_cm%2C_Florence%2C_Fitzwilliam_Museum%2C_Cambridge%2C_UK.jpg', 17, true, 1200, '2023-12-09 11:30:00', '2023-12-11 18:00:00');
INSERT INTO auction (description, name, image, owner_id, active, starting_price, start_t, end_t) VALUES ('A groundbreaking piece by Banksy, known for his satirical and thought-provoking street art.', 'Girl with a Balloon', 'https://upload.wikimedia.org/wikipedia/commons/thumb/0/0e/Banksy_%E2%80%93_Girl_with_Balloon_%28Devolved_Parliament%29%2C_Bristol_March_2019.jpg/270px-Banksy_%E2%80%93_Girl_with_Balloon_%28Devolved_Parliament%29%2C_Bristol_March_2019.jpg', 18, true, 900, '2023-12-10 13:00:00', '2023-12-12 18:00:00');
INSERT INTO auction (description, name, image, owner_id, active, starting_price, start_t, end_t) VALUES ('A powerful work by Georgia O''Keeffe, capturing the beauty and sensuality of flowers.', 'Jimson Weed/White Flower No. 1', 'https://upload.wikimedia.org/wikipedia/commons/thumb/7/78/Georgia_O%27Keeffe%2C_Jimson_Weed%2C_White_Flower_No._1%2C_1932.jpg/270px-Georgia_O%27Keeffe%2C_Jimson_Weed%2C_White_Flower_No._1%2C_1932.jpg', 19, true, 800, '2023-12-11 15:30:00', '2023-12-13 18:00:00');
INSERT INTO auction (description, name, image, owner_id, active, starting_price, start_t, end_t) VALUES ('A captivating work by Salvador Dalí, showcasing his surreal and dreamlike style.', 'The Persistence of Memory', 'https://upload.wikimedia.org/wikipedia/en/thumb/9/99/The_Persistence_of_Memory%2C_by_Salvador_Dal%C3%AD%2C_Dali_Museum.jpg/270px-The_Persistence_of_Memory%2C_by_Salvador_Dal%C3%AD%2C_Dali_Museum.jpg', 20, true, 950, '2023-12-12 17:00:00', '2023-12-14 18:00:00');
INSERT INTO auction (description, name, image, owner_id, active, starting_price, start_t, end_t) VALUES ('A pioneering work by Yayoi Kusama, known for her avant-garde and immersive installations.', 'Infinity Mirrored Room', 'https://upload.wikimedia.org/wikipedia/commons/thumb/d/d6/Yayoi_Kusama_-_Infinity_Mirrored_Room_-_The_Broad_-_LA.jpg/270px-Yayoi_Kusama_-_Infinity_Mirrored_Room_-_The_Broad_-_LA.jpg', 21, true, 1100, '2023-12-13 09:00:00', '2023-12-15 18:00:00');
INSERT INTO auction (description, name, image, owner_id, active, starting_price, start_t, end_t) VALUES ('A groundbreaking piece by Jean-Michel Basquiat, reflecting on race, culture, and society.', 'Untitled', 'https://upload.wikimedia.org/wikipedia/commons/thumb/3/37/Jean-Michel_Basquiat%2C_1982%2C_Untitled%2C_Acrylic_on_canvas%2C_1524_x_1524_mm%2C_Art_Gallery_of_Ontario%2C_Toronto%2C_Canada.jpg/270px-Jean-Michel_Basquiat%2C_1982%2C_Untitled%2C_Acrylic_on_canvas%2C_1524_x_1524_mm%2C_Art_Gallery_of_Ontario%2C_Toronto%2C_Canada.jpg', 22, true, 1000, '2023-12-14 11:30:00', '2023-12-16 18:00:00');
INSERT INTO auction (description, name, image, owner_id, active, starting_price, start_t, end_t) VALUES ('An influential work by Diego Rivera, showcasing his social and political commentary.', 'Detroit Industry Murals', 'https://upload.wikimedia.org/wikipedia/commons/thumb/2/23/Detroit_Industry_Murals_by_Diego_Rivera_%28Mexicantown%29_-_Detriot%2C_Michigan.jpg/270px-Detroit_Industry_Murals_by_Diego_Rivera_%28Mexicantown%29_-_Detriot%2C_Michigan.jpg', 23, true, 950, '2023-12-15 13:00:00', '2023-12-17 18:00:00');
INSERT INTO auction (description, name, image, owner_id, active, starting_price, start_t, end_t) VALUES ('A masterful work by Edward Hopper, capturing the solitude and mystery of urban life.', 'Nighthawks', 'https://upload.wikimedia.org/wikipedia/commons/thumb/f/f5/Edward_Hopper_-_Nighthawks_-_Google_Art_Project.jpg/270px-Edward_Hopper_-_Nighthawks_-_Google_Art_Project.jpg', 24, true, 900, '2023-12-16 15:30:00', '2023-12-18 18:00:00');
INSERT INTO auction (description, name, image, owner_id, active, starting_price, start_t, end_t) VALUES ('An iconic sculpture by Auguste Rodin, representing the passion and intensity of love.', 'The Kiss', 'https://upload.wikimedia.org/wikipedia/commons/thumb/6/6d/The_Kiss%2C_by_Auguste_Rodin.jpg/270px-The_Kiss%2C_by_Auguste_Rodin.jpg', 25, true, 850, '2023-12-17 17:00:00', '2023-12-19 18:00:00');
INSERT INTO auction (description, name, image, owner_id, active, starting_price, start_t, end_t) VALUES ('A powerful political statement by Banksy, addressing social justice and equality.', 'Love is in the Bin', 'https://upload.wikimedia.org/wikipedia/commons/thumb/7/75/Banksy_-_Love_is_in_the_Bin.jpg/270px-Banksy_-_Love_is_in_the_Bin.jpg', 26, true, 800, '2023-12-18 09:00:00', '2023-12-20 18:00:00');
INSERT INTO auction (description, name, image, owner_id, active, starting_price, start_t, end_t) VALUES ('A dynamic and energetic piece by Keith Haring, known for his iconic graffiti-inspired art.', 'Untitled', 'https://upload.wikimedia.org/wikipedia/commons/thumb/9/9c/Keith_Haring_-_Dancers.jpg/270px-Keith_Haring_-_Dancers.jpg', 27, true, 750, '2023-12-19 11:30:00', '2023-12-21 18:00:00');
INSERT INTO auction (description, name, image, owner_id, active, starting_price, start_t, end_t) VALUES ('A mesmerizing work by Frida Kahlo, portraying her emotional and physical struggles.', 'The Broken Column', 'https://upload.wikimedia.org/wikipedia/commons/thumb/e/e2/Frida_Kahlo_-_The_Broken_Column_-_1944.jpg/270px-Frida_Kahlo_-_The_Broken_Column_-_1944.jpg', 28, true, 700, '2023-12-20 13:00:00', '2023-12-22 18:00:00');
INSERT INTO auction (description, name, image, owner_id, active, starting_price, start_t, end_t) VALUES ('A striking piece by Marc Chagall, blending dreamlike elements with vibrant colors.', 'I and the Village', 'https://upload.wikimedia.org/wikipedia/commons/thumb/f/f8/Marc_Chagall%2C_1911%2C_I_and_the_Village%2C_oil_on_canvas%2C_192.1_%C3%97_151.4_cm%2C_Museum_of_Modern_Art%2C_New_York%2C.jpg/270px-Marc_Chagall%2C_1911%2C_I_and_the_Village%2C_oil_on_canvas%2C_192.1_%C3%97_151.4_cm%2C_Museum_of_Modern_Art%2C_New_York%2C.jpg', 29, true, 850, '2023-12-21 15:30:00', '2023-12-23 18:00:00');
INSERT INTO auction (description, name, image, owner_id, active, starting_price, start_t, end_t) VALUES ('A groundbreaking piece by Katsushika Hokusai, depicting the iconic Great Wave off Kanagawa.', 'The Great Wave off Kanagawa', 'https://upload.wikimedia.org/wikipedia/commons/thumb/0/0a/The_Great_Wave_off_Kanagawa.jpg/270px-The_Great_Wave_off_Kanagawa.jpg', 30, true, 900, '2023-12-22 17:00:00', '2023-12-24 18:00:00');
INSERT INTO auction (description, name, image, owner_id, active, starting_price, start_t, end_t) VALUES ('An iconic piece by Leonardo da Vinci, known for its detailed and realistic depiction.', 'The Last Supper', 'https://upload.wikimedia.org/wikipedia/commons/thumb/e/ec/Leonardo_da_Vinci%2C_das_Abendmahl%2C_um_1495-1498.jpg/270px-Leonardo_da_Vinci%2C_das_Abendmahl%2C_um_1495-1498.jpg', 31, true, 1000, '2023-12-23 09:00:00', '2023-12-25 18:00:00');
INSERT INTO auction (description, name, image, owner_id, active, starting_price, start_t, end_t) VALUES ('A serene and delicate work by Pierre-Auguste Renoir, capturing a moment of leisure.', 'Luncheon of the Boating Party', 'https://upload.wikimedia.org/wikipedia/commons/thumb/e/e8/Pierre-Auguste_Renoir_-_Luncheon_of_the_Boating_Party_-_Google_Art_Project.jpg/270px-Pierre-Auguste_Renoir_-_Luncheon_of_the_Boating_Party_-_Google_Art_Project.jpg', 32, true, 950, '2023-12-24 11:30:00', '2023-12-26 18:00:00');
INSERT INTO auction (description, name, image, owner_id, active, starting_price, start_t, end_t) VALUES ('A vibrant and colorful piece by Joan Miró, showcasing his unique abstract style.', 'The Birth of the World', 'https://upload.wikimedia.org/wikipedia/commons/thumb/d/d1/Joan_Mir%C3%B3_-_The_Birth_of_the_World.jpg/270px-Joan_Mir%C3%B3_-_The_Birth_of_the_World.jpg', 33, true, 800, '2023-12-25 13:00:00', '2023-12-27 18:00:00');
INSERT INTO auction (description, name, image, owner_id, active, starting_price, start_t, end_t) VALUES ('A profound work by Hieronymus Bosch, known for its surreal and fantastical imagery.', 'The Garden of Earthly Delights', 'https://upload.wikimedia.org/wikipedia/commons/thumb/6/61/Hieronymus_Bosch_-_The_Garden_of_Earthly_Delights_-_Hell.jpg/270px-Hieronymus_Bosch_-_The_Garden_of_Earthly_Delights_-_Hell.jpg', 34, true, 900, '2023-12-26 15:30:00', '2023-12-28 18:00:00');
INSERT INTO auction (description, name, image, owner_id, active, starting_price, start_t, end_t) VALUES ('A groundbreaking work by Wassily Kandinsky, a pioneer of abstract art.', 'Composition VII', 'https://upload.wikimedia.org/wikipedia/commons/thumb/4/46/Vassily_Kandinsky%2C_1913_-_Composition_7.jpg/270px-Vassily_Kandinsky%2C_1913_-_Composition_7.jpg', 35, true, 850, '2023-12-27 17:00:00', '2023-12-29 18:00:00');
INSERT INTO auction (description, name, image, owner_id, active, starting_price, start_t, end_t) VALUES ('A groundbreaking work by Pablo Picasso, a pioneer of Cubism.', 'Les Demoiselles d''Avignon', 'https://upload.wikimedia.org/wikipedia/commons/thumb/7/74/Les_Demoiselles_d%27Avignon.jpg/270px-Les_Demoiselles_d%27Avignon.jpg', 36, true, 950, '2023-12-28 09:00:00', '2023-12-30 18:00:00');
INSERT INTO auction (description, name, image, owner_id, active, starting_price, start_t, end_t) VALUES ('A captivating and dreamlike work by Salvador Dalí, known for its surreal elements.', 'Swans Reflecting Elephants', 'https://upload.wikimedia.org/wikipedia/commons/thumb/7/75/Salvador_Dali_%28detail%29_-_Swans_Reflected_in_Elephants.jpg/270px-Salvador_Dali_%28detail%29_-_Swans_Reflected_in_Elephants.jpg', 37, true, 900, '2023-12-29 11:30:00', '2023-12-31 18:00:00');
INSERT INTO auction (description, name, image, owner_id, active, starting_price, start_t, end_t) VALUES ('An iconic and enigmatic piece by Johannes Vermeer, known for its use of light.', 'Girl with a Pearl Earring', 'https://upload.wikimedia.org/wikipedia/commons/thumb/e/ec/Meisje_met_de_parel.jpg/270px-Meisje_met_de_parel.jpg', 38, true, 800, '2023-12-30 13:00:00', '2024-01-01 18:00:00');
INSERT INTO auction (description, name, image, owner_id, active, starting_price, start_t, end_t) VALUES ('A revolutionary work by Marcel Duchamp, challenging traditional notions of art.', 'Fountain', 'https://upload.wikimedia.org/wikipedia/commons/thumb/e/e6/R._Mutt_The_Fountain.jpg/270px-R._Mutt_The_Fountain.jpg', 39, true, 850, '2023-12-31 15:30:00', '2024-01-02 18:00:00');
INSERT INTO auction (description, name, image, owner_id, active, starting_price, start_t, end_t) VALUES ('A thought-provoking work by Grant Wood, an iconic representation of rural America.', 'Daughters of Revolution', 'https://upload.wikimedia.org/wikipedia/commons/thumb/e/e4/Daughters_of_Revolution_-_Grant_Wood.jpg/270px-Daughters_of_Revolution_-_Grant_Wood.jpg', 40, true, 800, '2024-01-01 17:00:00', '2024-01-03 18:00:00');
INSERT INTO auction (description, name, image, owner_id, active, starting_price, start_t, end_t) VALUES ('A masterful work by Rembrandt, showcasing his skill in capturing human emotions.', 'The Night Watch', 'https://upload.wikimedia.org/wikipedia/commons/thumb/6/6b/Rembrandt_Harmensz._van_Rijn_-_The_Night_Watch_-_Google_Art_Project.jpg/270px-Rembrandt_Harmensz._van_Rijn_-_The_Night_Watch_-_Google_Art_Project.jpg', 41, true, 1000, '2024-01-02 09:00:00', '2024-01-04 18:00:00');
INSERT INTO auction (description, name, image, owner_id, active, starting_price, start_t, end_t) VALUES ('A powerful and emotional work by Caravaggio, known for his use of chiaroscuro.', 'The Supper at Emmaus', 'https://upload.wikimedia.org/wikipedia/commons/thumb/8/8d/Caravaggio_-_Cena_in_Emmaus.jpg/270px-Caravaggio_-_Cena_in_Emmaus.jpg', 42, true, 950, '2024-01-03 11:30:00', '2024-01-05 18:00:00');
INSERT INTO auction (description, name, image, owner_id, active, starting_price, start_t, end_t) VALUES ('A breathtaking landscape by Thomas Cole, a prominent figure in the Hudson River School.', 'The Oxbow', 'https://upload.wikimedia.org/wikipedia/commons/thumb/4/43/Thomas_Cole_-_View_from_Mount_Holyoke%2C_Northampton%2C_Massachusetts%2C_after_a_Thunderstorm_%28The_Oxbow%29_-_Google_Art_Project.jpg/270px-Thomas_Cole_-_View_from_Mount_Holyoke%2C_Northampton%2C_Massachusetts%2C_after_a_Thunderstorm_%28The_Oxbow%29_-_Google_Art_Project.jpg', 43, true, 900, '2024-01-04 13:00:00', '2024-01-06 18:00:00');
INSERT INTO auction (description, name, image, owner_id, active, starting_price, start_t, end_t) VALUES ('A classic and iconic work by Jean-Auguste-Dominique Ingres, portraying a timeless beauty.', 'La Grande Odalisque', 'https://upload.wikimedia.org/wikipedia/commons/thumb/7/74/La_Grande_Odalisque%2C_by_Jean-Auguste-Dominique_Ingres%2C_1814.jpg/270px-La_Grande_Odalisque%2C_by_Jean-Auguste-Dominique_Ingres%2C_1814.jpg', 44, true, 850, '2024-01-05 15:30:00', '2024-01-07 18:00:00');
INSERT INTO auction (description, name, image, owner_id, active, starting_price, start_t, end_t) VALUES ('A striking and enigmatic work by Giorgio de Chirico, a precursor to the Surrealist movement.', 'The Song of Love', 'https://upload.wikimedia.org/wikipedia/commons/thumb/6/65/Giorgio_de_Chirico%2C_1914%2C_The_Song_of_Love%2C_Museum_of_Modern_Art_%28New_York_City%29.jpg/270px-Giorgio_de_Chirico%2C_1914%2C_The_Song_of_Love%2C_Museum_of_Modern_Art_%28New_York_City%29.jpg', 45, true, 800, '2024-01-06 17:00:00', '2024-01-08 18:00:00');
INSERT INTO auction (description, name, image, owner_id, active, starting_price, start_t, end_t) VALUES ('A groundbreaking work by Claude Monet, capturing the beauty of water lilies.', 'Water Lilies and Japanese Bridge', 'https://upload.wikimedia.org/wikipedia/commons/thumb/e/e2/Claude_Monet_-_Water_Lilies_and_Japanese_Bridge_-_Google_Art_Project.jpg/270px-Claude_Monet_-_Water_Lilies_and_Japanese_Bridge_-_Google_Art_Project.jpg', 46, true, 900, '2024-01-07 09:00:00', '2024-01-09 18:00:00');
INSERT INTO auction (description, name, image, owner_id, active, starting_price, start_t, end_t) VALUES ('A thought-provoking work by Yves Klein, known for his use of vibrant blue pigment.', 'IKB 191', 'https://upload.wikimedia.org/wikipedia/commons/thumb/4/4d/Yves_Klein%2C_IKB_191%2C_1962_%2821531729341%29.jpg/270px-Yves_Klein%2C_IKB_191%2C_1962_%2821531729341%29.jpg', 47, true, 950, '2024-01-08 11:30:00', '2024-01-10 18:00:00');
INSERT INTO auction (description, name, image, owner_id, active, starting_price, start_t, end_t) VALUES ('A mesmerizing piece by Roy Lichtenstein, a leading figure in the Pop Art movement.', 'Drowning Girl', 'https://upload.wikimedia.org/wikipedia/en/thumb/d/d5/Roy_Lichtenstein_Drowning_Girl.jpg/270px-Roy_Lichtenstein_Drowning_Girl.jpg', 48, true, 800, '2024-01-09 13:00:00', '2024-01-11 18:00:00');
INSERT INTO auction (description, name, image, owner_id, active, starting_price, start_t, end_t) VALUES ('A powerful and emotional work by Egon Schiele, known for his expressive and raw style.', 'Death and the Maiden', 'https://upload.wikimedia.org/wikipedia/commons/thumb/d/d0/Egon_Schiele_-_Death_and_the_Maiden_-_Google_Art_Project.jpg/270px-Egon_Schiele_-_Death_and_the_Maiden_-_Google_Art_Project.jpg', 49, true, 850, '2024-01-10 15:30:00', '2024-01-12 18:00:00');
INSERT INTO auction (description, name, image, owner_id, active, starting_price, start_t, end_t) VALUES ('An iconic work by Hokusai, featuring his detailed and intricate depiction of nature.', 'Red Fuji', 'https://upload.wikimedia.org/wikipedia/commons/thumb/b/b1/Hokusai_-_Red_Fuji_southern_wind_clear_morning_-_Google_Art_Project.jpg/270px-Hokusai_-_Red_Fuji_southern_wind_clear_morning_-_Google_Art_Project.jpg', 50, true, 800, '2024-01-11 17:00:00', '2024-01-13 18:00:00');

-- Photographs
INSERT INTO auction (description, name, image, owner_id, active, starting_price, start_t, end_t) VALUES ('A captivating photograph capturing the essence of urban life by Daido Moriyama.', 'Tokyo Street', 'https://upload.wikimedia.org/wikipedia/commons/thumb/1/1e/Daido_Moriyama_-_Tokyo_Street_-_Google_Art_Project.jpg/270px-Daido_Moriyama_-_Tokyo_Street_-_Google_Art_Project.jpg', 1, true, 30, '2024-01-12 09:00:00', '2024-01-14 18:00:00');
INSERT INTO auction (description, name, image, owner_id, active, starting_price, start_t, end_t) VALUES ('A stunning nature photograph by Ansel Adams, showcasing the grandeur of Yosemite National Park.', 'Moonrise, Hernandez, New Mexico', 'https://upload.wikimedia.org/wikipedia/commons/thumb/e/e3/Moonrise%2C_Hernandez%2C_New_Mexico_%28Ansel_Adams%29.jpg/270px-Moonrise%2C_Hernandez%2C_New_Mexico_%28Ansel_Adams%29.jpg', 1, true, 550, '2024-01-13 11:30:00', '2024-01-15 18:00:00');
INSERT INTO auction (description, name, image, owner_id, active, starting_price, start_t, end_t) VALUES ('A thought-provoking conceptual photograph by Cindy Sherman, known for her exploration of identity.', 'Untitled Film Still #21', 'https://upload.wikimedia.org/wikipedia/commons/thumb/e/ee/Cindy_Sherman_Untitled_Film_Still_21.jpg/270px-Cindy_Sherman_Untitled_Film_Still_21.jpg', 1, true, 20, '2024-01-14 13:00:00', '2024-01-16 18:00:00');
INSERT INTO auction (description, name, image, owner_id, active, starting_price, start_t, end_t) VALUES ('A powerful documentary photograph by Dorothea Lange, capturing the struggles during the Great Depression.', 'Migrant Mother', 'https://upload.wikimedia.org/wikipedia/commons/thumb/1/10/Lange-MigrantMother02.jpg/270px-Lange-MigrantMother02.jpg', 1, true, 50, '2024-01-15 15:30:00', '2024-01-17 18:00:00');
INSERT INTO auction (description, name, image, owner_id, active, starting_price, start_t, end_t) VALUES ('A modern and dynamic photograph by Steve McCurry, known for his iconic image of the Afghan Girl.', 'Afghan Girl', 'https://upload.wikimedia.org/wikipedia/en/thumb/d/d3/Steve_McCurry_-_Afghan_Girl.jpg/270px-Steve_McCurry_-_Afghan_Girl.jpg', 1, true, 15, '2024-01-16 17:00:00', '2024-01-18 18:00:00');

-- Prints
INSERT INTO auction (description, name, image, owner_id, active, starting_price, start_t, end_t) VALUES ('A vibrant and abstract print by Wassily Kandinsky, showcasing his innovative use of color.', 'Composition X', 'https://upload.wikimedia.org/wikipedia/commons/thumb/3/3f/Vassily_Kandinsky%2C_1939_-_Composition_10.jpg/270px-Vassily_Kandinsky%2C_1939_-_Composition_10.jpg', 2, true, 7.5, '2024-01-17 09:00:00', '2024-01-19 18:00:00');
INSERT INTO auction (description, name, image, owner_id, active, starting_price, start_t, end_t) VALUES ('A whimsical and playful print by Henri Matisse, known for his use of bold shapes and colors.', 'The Snail', 'https://upload.wikimedia.org/wikipedia/en/thumb/6/6d/Henri_Matisse%2C_1953%2C_The_Snail%2C_Tate_Modern%2C_London.jpg/270px-Henri_Matisse%2C_1953%2C_The_Snail%2C_Tate_Modern%2C_London.jpg', 2, true, 13.4, '2024-01-18 11:30:00', '2024-01-20 18:00:00');
INSERT INTO auction (description, name, image, owner_id, active, starting_price, start_t, end_t) VALUES ('A classic woodblock print by Katsushika Hokusai, featuring the iconic Great Wave off Kanagawa.', 'The Great Wave off Kanagawa (Woodblock Print)', 'https://upload.wikimedia.org/wikipedia/commons/thumb/0/0a/The_Great_Wave_off_Kanagawa.jpg/270px-The_Great_Wave_off_Kanagawa.jpg', 2, true, 12.5, '2024-01-19 13:00:00', '2024-01-21 18:00:00');
INSERT INTO auction (description, name, image, owner_id, active, starting_price, start_t, end_t) VALUES ('A surreal and imaginative print by René Magritte, known for his thought-provoking visual puzzles.', 'The Son of Man', 'https://upload.wikimedia.org/wikipedia/en/thumb/e/e2/Ren%C3%A9_Magritte_-_The_Son_of_Man.jpg/270px-Ren%C3%A9_Magritte_-_The_Son_of_Man.jpg', 2, true, 20.5, '2024-01-20 15:30:00', '2024-01-22 18:00:00');
INSERT INTO auction (description, name, image, owner_id, active, starting_price, start_t, end_t) VALUES ('A dynamic and energetic print by Roy Lichtenstein, a leading figure in the Pop Art movement.', 'Whaam!', 'https://upload.wikimedia.org/wikipedia/en/thumb/1/1a/Roy_Lichtenstein%2C_1963%2C_Whaam%21.jpg/270px-Roy_Lichtenstein%2C_1963%2C_Whaam%21.jpg', 2, true, 10, '2024-01-21 17:00:00', '2024-01-23 18:00:00');

-- Sculptures
INSERT INTO auction (description, name, image, owner_id, active, starting_price, start_t, end_t) VALUES ('A striking and modern sculpture by Alberto Giacometti, known for his slender and elongated figures.', 'Walking Man I', 'https://upload.wikimedia.org/wikipedia/commons/thumb/2/2f/Alberto_Giacometti%2C_1960%2C_Walking_Man_I%2C_tate_london.jpg/270px-Alberto_Giacometti%2C_1960%2C_Walking_Man_I%2C_tate_london.jpg', 3, true, 95, '2024-01-22 09:00:00', '2024-01-24 18:00:00');
INSERT INTO auction (description, name, image, owner_id, active, starting_price, start_t, end_t) VALUES ('An iconic and thought-provoking sculpture by Constantin Brâncuși, showcasing simplicity and abstraction.', 'Bird in Space', 'https://upload.wikimedia.org/wikipedia/commons/thumb/7/76/Constantin_Brancusi%2C_1923%2C_Bird_in_Space%2C_Museum_of_Modern_Art.jpg/270px-Constantin_Brancusi%2C_1923%2C_Bird_in_Space%2C_Museum_of_Modern_Art.jpg', 3, true, 120, '2024-01-23 11:30:00', '2024-01-25 18:00:00');
INSERT INTO auction (description, name, image, owner_id, active, starting_price, start_t, end_t) VALUES ('A monumental and powerful sculpture by Michelangelo, representing the biblical hero David.', 'David', 'https://upload.wikimedia.org/wikipedia/commons/thumb/e/ec/Michelangelo%27s_David_2015.jpg/270px-Michelangelo%27s_David_2015.jpg', 3, true, 100, '2024-01-24 13:00:00', '2024-01-26 18:00:00');
INSERT INTO auction (description, name, image, owner_id, active, starting_price, start_t, end_t) VALUES ('A dynamic and energetic sculpture by Alexander Calder, a pioneer of kinetic art.', 'Mobile', 'https://upload.wikimedia.org/wikipedia/commons/thumb/9/9d/Calder_mobiles_tinguely.jpg/270px-Calder_mobiles_tinguely.jpg', 3, true, 50, '2024-01-25 15:30:00', '2024-01-27 18:00:00');
INSERT INTO auction (description, name, image, owner_id, active, starting_price, start_t, end_t) VALUES ('A whimsical and playful sculpture by Niki de Saint Phalle, known for her colorful and fantastical creations.', 'Nana', 'https://upload.wikimedia.org/wikipedia/commons/thumb/1/1d/Niki_de_Saint_Phalle_Nana.jpg/270px-Niki_de_Saint_Phalle_Nana.jpg', 3, true, 90, '2024-01-26 17:00:00', '2024-01-28 18:00:00');


/*
insert into auction (description, name, image, owner_id, active, starting_price, start_t, end_t) values ('A breathtaking sculpture of marble depicting nature''s beauty.', 'Eternal Nature', 'eternal_nature.jpg', 1, true, 500, '2023-11-23 10:00:00', '2023-11-25 18:00:00');
insert into auction (description, name, image, owner_id, active, starting_price, start_t, end_t) values ('A classic oil painting capturing the essence of a serene landscape.', 'Tranquil Horizon', 'tranquil_horizon.jpg', 2, true, 700, '2023-11-24 12:00:00', '2023-11-26 18:00:00');
insert into auction (description, name, image, owner_id, active, start_t, end_t) values ('Vivamus tortor.', 'Detrol LA', 'http://dummyimage.com/195x100.png/ff4444/ffffff', 1, false, '2023-09-09 12:22:09', '2023-10-04 14:11:03');
insert into auction (description, name, image, owner_id, active, start_t, end_t) values ('Nulla ut erat id mauris vulputate elementum.', 'Prenatal Vitamins Plus Low Iron', 'http://dummyimage.com/164x100.png/cc0000/ffffff', 2, false, '2023-09-06 05:20:57', '2023-10-28 02:42:05');
insert into auction (description, name, image, owner_id, active, start_t, end_t) values ('Curabitur convallis.', 'HAND SANITIZING', 'http://dummyimage.com/104x100.png/cc0000/ffffff', 2, true, '2023-09-09 05:54:22', '2023-10-18 08:33:52');
insert into auction (description, name, image, owner_id, active, start_t, end_t) values ('Proin eu mi. Nulla ac enim.', 'LANOXIN', 'http://dummyimage.com/217x100.png/dddddd/000000', 2, false, '2023-09-16 15:56:25', '2023-10-22 17:00:35');
insert into auction (description, name, image, owner_id, active, start_t, end_t) values ('Nullam porttitor lacus at turpis.', 'Freshmint Anticavity Flouride Toothpaste', 'http://dummyimage.com/246x100.png/5fa2dd/ffffff', 2, false, '2023-09-05 20:52:03', '2023-10-21 15:28:41');
insert into auction (description, name, image, owner_id, active, start_t, end_t) values ('Vestibulum sed magna at nunc commodo placerat.', 'ILOTYCIN', 'http://dummyimage.com/155x100.png/cc0000/ffffff', 3, true, '2023-09-19 14:28:32', '2023-10-05 23:47:35');
insert into auction (description, name, image, owner_id, active, start_t, end_t) values ('Integer ac neque. Duis bibendum.', 'BareMinerals', 'http://dummyimage.com/106x100.png/5fa2dd/ffffff', 3, true, '2023-09-19 08:41:22', '2023-10-25 05:58:25');
insert into auction (description, name, image, owner_id, active, start_t, end_t) values ('Duis bibendum, felis sed interdum venenatis, turpis enim blandit mi, in porttitor pede justo eu massa.', 'Hand Wash Nettoyant Pour Les Mains Plum Grapefruit', 'http://dummyimage.com/107x100.png/ff4444/ffffff', 3, true, '2023-09-16 21:05:05', '2023-10-10 21:10:27');
insert into auction (description, name, image, owner_id, active, start_t, end_t) values ('Nulla neque libero, convallis eget, eleifend luctus, ultricies eu, nibh. Quisque id justo sit amet sapien dignissim vestibulum.', 'Terrasil Boil Pain Relief', 'http://dummyimage.com/231x100.png/5fa2dd/ffffff', 3, true, '2023-09-19 16:18:44', '2023-10-12 17:47:37');
insert into auction (description, name, image, owner_id, active, start_t, end_t) values ('Nullam sit amet turpis elementum ligula vehicula consequat. Morbi a ipsum.', 'LISINOPRIL AND HYDROCHLOROTHIAZIDE', 'http://dummyimage.com/127x100.png/dddddd/000000', 4, true, '2023-09-10 21:13:27', '2023-10-18 10:31:55');
insert into auction (description, name, image, owner_id, active, start_t, end_t) values ('Donec ut mauris eget massa tempor convallis. Nulla neque libero, convallis eget, eleifend luctus, ultricies eu, nibh.', 'Zazole', 'http://dummyimage.com/185x100.png/cc0000/ffffff', 4, false, '2023-09-08 10:37:03', '2023-10-28 00:21:58');
insert into auction (description, name, image, owner_id, active, start_t, end_t) values ('Quisque ut erat. Curabitur gravida nisi at nibh.', 'Good Neighbor Pharmacy naproxen sodium', 'http://dummyimage.com/158x100.png/5fa2dd/ffffff', 4, true, '2023-09-10 16:46:48', '2023-10-04 17:50:50');
insert into auction (description, name, image, owner_id, active, start_t, end_t) values ('Integer ac leo. Pellentesque ultrices mattis odio.', 'Bacteriostatic Sodium Chloride', 'http://dummyimage.com/134x100.png/ff4444/ffffff', 4, true, '2023-09-30 21:48:06', '2023-10-29 04:42:17');
insert into auction (description, name, image, owner_id, active, start_t, end_t) values ('Vivamus in felis eu sapien cursus vestibulum. Proin eu mi.', 'Acetaminophen PM', 'http://dummyimage.com/206x100.png/ff4444/ffffff', 5, false, '2023-09-17 00:40:31', '2023-10-02 05:17:28');
insert into auction (description, name, image, owner_id, active, start_t, end_t) values ('In blandit ultrices enim. Lorem ipsum dolor sit amet, consectetuer adipiscing elit.', 'LIQUIDAMBAR STYRACIFLUA POLLEN', 'http://dummyimage.com/100x100.png/ff4444/ffffff', 5, true, '2023-09-26 17:21:20', '2023-10-05 01:15:36');
insert into auction (description, name, image, owner_id, active, start_t, end_t) values ('Quisque ut erat.', 'Anticavity', 'http://dummyimage.com/147x100.png/ff4444/ffffff', 5, false, '2023-09-30 21:20:19', '2023-10-21 12:28:58');
insert into auction (description, name, image, owner_id, active, start_t, end_t) values ('Nulla tellus.', 'SPF 15', 'http://dummyimage.com/129x100.png/cc0000/ffffff', 5, false, '2023-09-15 19:50:39', '2023-10-29 19:30:25');
insert into auction (description, name, image, owner_id, active, start_t, end_t) values ('In congue.', 'Isomers Clear Skin Acne Treatment Gel', 'http://dummyimage.com/186x100.png/5fa2dd/ffffff', 6, false, '2023-09-23 08:48:20', '2023-10-25 10:41:02');
insert into auction (description, name, image, owner_id, active, start_t, end_t) values ('Duis aliquam convallis nunc.', 'Anaprox DS', 'http://dummyimage.com/183x100.png/dddddd/000000', 6, true, '2023-09-22 15:16:58', '2023-10-04 21:55:12');
insert into auction (description, name, image, owner_id, active, start_t, end_t) values ('Curabitur at ipsum ac tellus semper interdum.', 'CC', 'http://dummyimage.com/213x100.png/cc0000/ffffff', 6, true, '2023-09-29 13:40:01', '2023-10-07 15:39:45');
insert into auction (description, name, image, owner_id, active, start_t, end_t) values ('Cras non velit nec nisi vulputate nonummy.', 'OXY', 'http://dummyimage.com/110x100.png/dddddd/000000', 6, false, '2023-09-21 11:13:20', '2023-10-19 19:33:07');
insert into auction (description, name, image, owner_id, active, start_t, end_t) values ('Integer ac neque. Duis bibendum.', 'Methylphenidate Hydrochloride', 'http://dummyimage.com/183x100.png/ff4444/ffffff', 6, false, '2023-09-18 05:29:20', '2023-10-07 09:13:50');
insert into auction (description, name, image, owner_id, active, start_t, end_t) values ('Nam ultrices, libero non mattis pulvinar, nulla pede ullamcorper augue, a suscipit nulla elit ac nulla. Sed vel enim sit amet nunc viverra dapibus.', 'AVALIDE', 'http://dummyimage.com/167x100.png/dddddd/000000', 7, true, '2023-09-21 19:57:16', '2023-10-18 22:01:39');
insert into auction (description, name, image, owner_id, active, start_t, end_t) values ('Integer ac neque.', 'Icy Hot Back and Large Areas', 'http://dummyimage.com/229x100.png/5fa2dd/ffffff', 7, false, '2023-09-27 18:11:33', '2023-10-02 04:58:12');
insert into auction (description, name, image, owner_id, active, start_t, end_t) values ('Cum sociis natoque penatibus et magnis dis parturient montes, nascetur ridiculus mus.', 'Laura Mercier Tinted Moisturizer SPF 20 PORCELAIN', 'http://dummyimage.com/120x100.png/dddddd/000000', 7, false, '2023-09-22 22:56:13', '2023-10-05 02:39:08');
insert into auction (description, name, image, owner_id, active, start_t, end_t) values ('Vivamus vel nulla eget eros elementum pellentesque.', 'Flavoxate Hydrochloride', 'http://dummyimage.com/113x100.png/cc0000/ffffff', 7, false, '2023-09-29 07:00:26', '2023-10-15 21:36:24');
insert into auction (description, name, image, owner_id, active, start_t, end_t) values ('Proin interdum mauris non ligula pellentesque ultrices. Phasellus id sapien in sapien iaculis congue.', 'Vanilla Hand Sanitizer', 'http://dummyimage.com/119x100.png/5fa2dd/ffffff', 7, false, '2023-09-14 06:11:54', '2023-10-10 10:07:13');
insert into auction (description, name, image, owner_id, active, start_t, end_t) values ('Integer ac neque. Duis bibendum.', 'Carnitor', 'http://dummyimage.com/230x100.png/cc0000/ffffff', 8, false, '2023-09-24 21:41:41', '2023-10-15 11:22:17');
insert into auction (description, name, image, owner_id, active, start_t, end_t) values ('Phasellus id sapien in sapien iaculis congue. Vivamus metus arcu, adipiscing molestie, hendrerit at, vulputate vitae, nisl.', 'Ver', 'http://dummyimage.com/119x100.png/cc0000/ffffff', 8, false, '2023-09-19 00:11:26', '2023-10-17 15:28:11');
insert into auction (description, name, image, owner_id, active, start_t, end_t) values ('Nulla neque libero, convallis eget, eleifend luctus, ultricies eu, nibh.', 'Principal Secret', 'http://dummyimage.com/133x100.png/dddddd/000000', 8, false, '2023-09-25 21:43:39', '2023-10-06 22:55:25');
insert into auction (description, name, image, owner_id, active, start_t, end_t) values ('Maecenas ut massa quis augue luctus tincidunt. Nulla mollis molestie lorem.', 'Clonidine Hydrochloride', 'http://dummyimage.com/140x100.png/5fa2dd/ffffff', 8, false, '2023-09-18 18:35:10', '2023-10-21 01:35:39');
insert into auction (description, name, image, owner_id, active, start_t, end_t) values ('In blandit ultrices enim.', 'Risperidone', 'http://dummyimage.com/154x100.png/dddddd/000000', 9, true, '2023-09-23 13:06:46', '2023-10-28 13:58:36');
insert into auction (description, name, image, owner_id, active, start_t, end_t) values ('Donec ut mauris eget massa tempor convallis. Nulla neque libero, convallis eget, eleifend luctus, ultricies eu, nibh.', 'ADRENAL TINCTURE', 'http://dummyimage.com/158x100.png/5fa2dd/ffffff', 9, true, '2023-09-11 00:29:31', '2023-10-04 13:30:48');
insert into auction (description, name, image, owner_id, active, start_t, end_t) values ('Nulla nisl.', 'Flecainide Acetate', 'http://dummyimage.com/161x100.png/dddddd/000000', 9, true, '2023-09-10 16:31:48', '2023-10-25 16:27:02');
insert into auction (description, name, image, owner_id, active, start_t, end_t) values ('Donec odio justo, sollicitudin ut, suscipit a, feugiat et, eros. Vestibulum ac est lacinia nisi venenatis tristique.', 'PRINIVIL', 'http://dummyimage.com/162x100.png/cc0000/ffffff', 9, true, '2023-09-14 17:27:42', '2023-10-19 15:54:55');
insert into auction (description, name, image, owner_id, active, start_t, end_t) values ('Suspendisse ornare consequat lectus. In est risus, auctor sed, tristique in, tempus sit amet, sem.', 'Peptic Relief', 'http://dummyimage.com/245x100.png/5fa2dd/ffffff', 9, false, '2023-09-29 13:27:16', '2023-10-19 14:55:40');
insert into auction (description, name, image, owner_id, active, start_t, end_t) values ('Fusce posuere felis sed lacus.', 'Wheat Stem Rust', 'http://dummyimage.com/109x100.png/cc0000/ffffff', 10, false, '2023-09-07 04:34:20', '2023-10-21 12:57:00');
insert into auction (description, name, image, owner_id, active, start_t, end_t) values ('Donec vitae nisi.', 'Diltiazem Hydrochloride', 'http://dummyimage.com/240x100.png/cc0000/ffffff', 10, true, '2023-09-14 03:57:45', '2023-10-27 02:17:33');
insert into auction (description, name, image, owner_id, active, start_t, end_t) values ('Nam congue, risus semper porta volutpat, quam pede lobortis ligula, sit amet eleifend pede libero quis orci. Nullam molestie nibh in lectus.', 'Phenobarbital', 'http://dummyimage.com/131x100.png/dddddd/000000', 10, false, '2023-09-29 16:37:33', '2023-10-18 16:19:09');
insert into auction (description, name, image, owner_id, active, start_t, end_t) values ('Morbi porttitor lorem id ligula. Suspendisse ornare consequat lectus.', 'Cough and Cold Relief HBP', 'http://dummyimage.com/160x100.png/dddddd/000000', 10, true, '2023-09-19 00:16:02', '2023-10-05 21:10:34');
insert into auction (description, name, image, owner_id, active, start_t, end_t) values ('Phasellus id sapien in sapien iaculis congue. Vivamus metus arcu, adipiscing molestie, hendrerit at, vulputate vitae, nisl.', 'Allergy Relief', 'http://dummyimage.com/237x100.png/dddddd/000000', 10, false, '2023-09-27 02:38:11', '2023-10-08 06:16:21');
insert into auction (description, name, image, owner_id, active, start_t, end_t) values ('Proin interdum mauris non ligula pellentesque ultrices. Phasellus id sapien in sapien iaculis congue.', 'Tomato', 'http://dummyimage.com/197x100.png/dddddd/000000', 10, false, '2023-09-29 04:38:09', '2023-10-06 10:58:31');
insert into auction (description, name, image, owner_id, active, start_t, end_t) values ('Suspendisse potenti.', 'Bupivacaine Hydrochloride', 'http://dummyimage.com/129x100.png/cc0000/ffffff', 10, true, '2023-09-11 02:01:43', '2023-10-04 09:07:37');
insert into auction (description, name, image, owner_id, active, start_t, end_t) values ('Proin at turpis a pede posuere nonummy.', 'Xeomin', 'http://dummyimage.com/232x100.png/dddddd/000000', 10, false, '2023-09-09 13:15:28', '2023-10-29 22:38:05');
insert into auction (description, name, image, owner_id, active, start_t, end_t) values ('Donec quis orci eget orci vehicula condimentum.', 'Prednisone', 'http://dummyimage.com/227x100.png/5fa2dd/ffffff', 10, false, '2023-09-25 15:12:40', '2023-10-12 21:41:37');
insert into auction (description, name, image, owner_id, active, start_t, end_t) values ('Lorem ipsum dolor sit amet, consectetuer adipiscing elit.', 'XtraCare Anti-Dandruff Hair Cleanse', 'http://dummyimage.com/199x100.png/dddddd/000000', 11, false, '2023-09-07 01:05:07', '2023-10-12 15:47:36');
insert into auction (description, name, image, owner_id, active, start_t, end_t) values ('Suspendisse potenti.', 'Select Brand Sport Sunscreen', 'http://dummyimage.com/246x100.png/cc0000/ffffff', 11, true, '2023-09-26 21:15:55', '2023-10-23 10:22:18');
insert into auction (description, name, image, owner_id, active, start_t, end_t) values ('Praesent blandit. Nam nulla.', 'Athletes Foot', 'http://dummyimage.com/131x100.png/ff4444/ffffff', 11, true, '2023-09-28 00:41:14', '2023-10-09 11:29:29');
insert into auction (description, name, image, owner_id, active, start_t, end_t) values ('Duis bibendum. Morbi non quam nec dui luctus rutrum.', 'Sheer Genius Liquid Foundation - Light Look', 'http://dummyimage.com/176x100.png/dddddd/000000', 11, true, '2023-09-24 07:25:46', '2023-10-29 13:59:42');
insert into auction (description, name, image, owner_id, active, start_t, end_t) values ('Donec quis orci eget orci vehicula condimentum. Curabitur in libero ut massa volutpat convallis.', 'TRAMADOL HYDROCHLORIDE', 'http://dummyimage.com/112x100.png/ff4444/ffffff', 11, false, '2023-09-23 22:43:27', '2023-10-03 19:29:59');
insert into auction (description, name, image, owner_id, active, start_t, end_t) values ('Nam nulla.', 'Banana Boat Sport Body and Scalp SPF 30', 'http://dummyimage.com/197x100.png/ff4444/ffffff', 11, false, '2023-09-27 05:44:00', '2023-10-17 02:19:25');
insert into auction (description, name, image, owner_id, active, start_t, end_t) values ('Vestibulum ac est lacinia nisi venenatis tristique.', 'LBEL COULEUR LUXE AMPLIFIER XP', 'http://dummyimage.com/147x100.png/ff4444/ffffff', 11, true, '2023-09-10 14:54:15', '2023-10-07 04:29:45');
insert into auction (description, name, image, owner_id, active, start_t, end_t) values ('Donec posuere metus vitae ipsum.', 'Clorazepate Dipotassium', 'http://dummyimage.com/239x100.png/dddddd/000000', 11, true, '2023-09-12 21:06:18', '2023-10-15 11:16:34');
insert into auction (description, name, image, owner_id, active, start_t, end_t) values ('Mauris ullamcorper purus sit amet nulla.', 'Old Spice Red Zone Sweat Defense', 'http://dummyimage.com/211x100.png/dddddd/000000', 12, false, '2023-09-26 17:15:25', '2023-10-12 08:53:48');
insert into auction (description, name, image, owner_id, active, start_t, end_t) values ('Quisque porta volutpat erat. Quisque erat eros, viverra eget, congue eget, semper rutrum, nulla.', 'Balancing Day Moisture Broad Spectrum SPF 15', 'http://dummyimage.com/122x100.png/ff4444/ffffff', 12, true, '2023-09-28 03:49:22', '2023-10-13 20:40:46');
insert into auction (description, name, image, owner_id, active, start_t, end_t) values ('Cras mi pede, malesuada in, imperdiet et, commodo vulputate, justo.', 'topcare Ibuprofen Cold and Sinus', 'http://dummyimage.com/234x100.png/dddddd/000000', 12, true, '2023-09-28 03:04:12', '2023-10-09 00:20:53');
insert into auction (description, name, image, owner_id, active, start_t, end_t) values ('Aliquam sit amet diam in magna bibendum imperdiet.', 'Pureforce', 'http://dummyimage.com/148x100.png/dddddd/000000', 12, true, '2023-09-19 14:02:44', '2023-10-16 01:51:48');
insert into auction (description, name, image, owner_id, active, start_t, end_t) values ('Donec posuere metus vitae ipsum. Aliquam non mauris.', 'Paroxetine', 'http://dummyimage.com/128x100.png/ff4444/ffffff', 12, false, '2023-09-25 10:41:55', '2023-10-22 18:24:13');
insert into auction (description, name, image, owner_id, active, start_t, end_t) values ('Integer tincidunt ante vel ipsum.', 'Mango Madness Anti Bacterial Hand Sanitizer', 'http://dummyimage.com/129x100.png/cc0000/ffffff', 12, true, '2023-09-30 08:22:15', '2023-10-03 22:16:43');
insert into auction (description, name, image, owner_id, active, start_t, end_t) values ('Phasellus id sapien in sapien iaculis congue. Vivamus metus arcu, adipiscing molestie, hendrerit at, vulputate vitae, nisl.', 'Ferric Citrate', 'http://dummyimage.com/103x100.png/5fa2dd/ffffff', 12, false, '2023-09-28 03:47:10', '2023-10-03 14:39:29');
insert into auction (description, name, image, owner_id, active, start_t, end_t) values ('Cras mi pede, malesuada in, imperdiet et, commodo vulputate, justo. In blandit ultrices enim.', 'Mango', 'http://dummyimage.com/164x100.png/5fa2dd/ffffff', 13, true, '2023-09-12 21:11:56', '2023-10-03 09:29:28');
insert into auction (description, name, image, owner_id, active, start_t, end_t) values ('Proin eu mi. Nulla ac enim.', 'Cefoxitin', 'http://dummyimage.com/112x100.png/ff4444/ffffff', 13, false, '2023-09-06 01:22:54', '2023-10-02 20:35:14');
insert into auction (description, name, image, owner_id, active, start_t, end_t) values ('Morbi vestibulum, velit id pretium iaculis, diam erat fermentum justo, nec condimentum neque sapien placerat ante. Nulla justo.', 'ASMANEX', 'http://dummyimage.com/144x100.png/dddddd/000000', 13, false, '2023-09-26 16:30:19', '2023-10-19 19:00:49');
insert into auction (description, name, image, owner_id, active, start_t, end_t) values ('Vivamus metus arcu, adipiscing molestie, hendrerit at, vulputate vitae, nisl.', 'Naloxone Hydrochloride', 'http://dummyimage.com/100x100.png/dddddd/000000', 14, false, '2023-09-17 11:57:52', '2023-10-19 11:30:00');
insert into auction (description, name, image, owner_id, active, start_t, end_t) values ('Integer aliquet, massa id lobortis convallis, tortor risus dapibus augue, vel accumsan tellus nisi eu orci. Mauris lacinia sapien quis libero.', 'Treatment Set TS329894', 'http://dummyimage.com/173x100.png/ff4444/ffffff', 14, false, '2023-09-06 08:13:02', '2023-10-05 10:52:32');
insert into auction (description, name, image, owner_id, active, start_t, end_t) values ('Cum sociis natoque penatibus et magnis dis parturient montes, nascetur ridiculus mus.', 'migraine relief', 'http://dummyimage.com/115x100.png/dddddd/000000', 14, false, '2023-09-27 13:51:34', '2023-10-13 20:51:29');
insert into auction (description, name, image, owner_id, active, start_t, end_t) values ('Ut tellus.', 'Omeprazole', 'http://dummyimage.com/102x100.png/cc0000/ffffff', 14, false, '2023-09-21 14:29:19', '2023-10-15 18:11:22');
insert into auction (description, name, image, owner_id, active, start_t, end_t) values ('Integer ac neque.', 'Ibuprofen', 'http://dummyimage.com/134x100.png/5fa2dd/ffffff', 15, false, '2023-09-06 04:09:51', '2023-10-19 18:30:19');
insert into auction (description, name, image, owner_id, active, start_t, end_t) values ('In est risus, auctor sed, tristique in, tempus sit amet, sem.', 'NICOTINE', 'http://dummyimage.com/126x100.png/5fa2dd/ffffff', 15, false, '2023-09-06 01:52:16', '2023-10-18 00:35:12');
insert into auction (description, name, image, owner_id, active, start_t, end_t) values ('Praesent lectus. Vestibulum quam sapien, varius ut, blandit non, interdum in, ante.', 'Mometasone Furoate', 'http://dummyimage.com/189x100.png/cc0000/ffffff', 15, false, '2023-09-07 21:58:58', '2023-10-10 00:38:53');
insert into auction (description, name, image, owner_id, active, start_t, end_t) values ('Pellentesque at nulla.', 'daytime', 'http://dummyimage.com/200x100.png/5fa2dd/ffffff', 15, true, '2023-09-12 04:47:52', '2023-10-29 04:20:10');
insert into auction (description, name, image, owner_id, active, start_t, end_t) values ('In est risus, auctor sed, tristique in, tempus sit amet, sem.', 'Geri-kot', 'http://dummyimage.com/121x100.png/dddddd/000000', 15, false, '2023-09-23 23:31:27', '2023-10-20 05:52:01');
insert into auction (description, name, image, owner_id, active, start_t, end_t) values ('Vestibulum sed magna at nunc commodo placerat.', 'Levothyroxine sodium', 'http://dummyimage.com/148x100.png/cc0000/ffffff', 15, false, '2023-09-16 03:36:54', '2023-10-22 09:36:36');
insert into auction (description, name, image, owner_id, active, start_t, end_t) values ('Vivamus vestibulum sagittis sapien. Cum sociis natoque penatibus et magnis dis parturient montes, nascetur ridiculus mus.', 'Ranitidine', 'http://dummyimage.com/221x100.png/dddddd/000000', 15, true, '2023-09-10 03:25:55', '2023-10-23 03:54:36');
insert into auction (description, name, image, owner_id, active, start_t, end_t) values ('Nulla ut erat id mauris vulputate elementum. Nullam varius.', 'Repaglinide', 'http://dummyimage.com/143x100.png/cc0000/ffffff', 15, true, '2023-09-08 23:19:31', '2023-10-19 10:28:39');
insert into auction (description, name, image, owner_id, active, start_t, end_t) values ('Donec vitae nisi. Nam ultrices, libero non mattis pulvinar, nulla pede ullamcorper augue, a suscipit nulla elit ac nulla.', 'Hibiclens', 'http://dummyimage.com/186x100.png/5fa2dd/ffffff', 16, false, '2023-09-13 09:08:49', '2023-10-22 17:33:00');
insert into auction (description, name, image, owner_id, active, start_t, end_t) values ('Phasellus in felis.', 'Paclitaxel', 'http://dummyimage.com/199x100.png/dddddd/000000', 16, true, '2023-09-19 08:50:53', '2023-10-19 11:27:02');
insert into auction (description, name, image, owner_id, active, start_t, end_t) values ('Donec ut mauris eget massa tempor convallis.', 'Lemon Zest Antibacterial Foaming Hand Wash', 'http://dummyimage.com/250x100.png/ff4444/ffffff', 16, false, '2023-09-10 18:04:22', '2023-10-19 20:04:19');
insert into auction (description, name, image, owner_id, active, start_t, end_t) values ('Fusce consequat. Nulla nisl.', 'Ranitidine', 'http://dummyimage.com/218x100.png/dddddd/000000', 16, false, '2023-09-23 07:52:58', '2023-10-25 00:03:07');
insert into auction (description, name, image, owner_id, active, start_t, end_t) values ('Donec diam neque, vestibulum eget, vulputate ut, ultrices vel, augue. Vestibulum ante ipsum primis in faucibus orci luctus et ultrices posuere cubilia Curae; Donec pharetra, magna vestibulum aliquet ultrices, erat tortor sollicitudin mi, sit amet lobortis sapien sapien non mi.', 'LISINOPRIL AND HYDROCHLOROTHIAZIDE', 'http://dummyimage.com/221x100.png/ff4444/ffffff', 17, true, '2023-09-10 11:17:15', '2023-10-09 10:04:37');
insert into auction (description, name, image, owner_id, active, start_t, end_t) values ('Integer ac neque. Duis bibendum.', 'Doxorubicin Hydrochloride', 'http://dummyimage.com/224x100.png/dddddd/000000', 17, true, '2023-09-13 04:57:37', '2023-10-13 10:06:52');
insert into auction (description, name, image, owner_id, active, start_t, end_t) values ('Duis bibendum, felis sed interdum venenatis, turpis enim blandit mi, in porttitor pede justo eu massa.', 'Gabapentin', 'http://dummyimage.com/187x100.png/cc0000/ffffff', 18, false, '2023-09-09 07:37:15', '2023-10-21 11:49:56');
insert into auction (description, name, image, owner_id, active, start_t, end_t) values ('Suspendisse ornare consequat lectus.', 'Xalatan', 'http://dummyimage.com/148x100.png/5fa2dd/ffffff', 18, false, '2023-09-25 05:55:01', '2023-10-15 20:31:51');
insert into auction (description, name, image, owner_id, active, start_t, end_t) values ('Proin at turpis a pede posuere nonummy. Integer non velit.', 'Fosinopril Sodium', 'http://dummyimage.com/121x100.png/cc0000/ffffff', 19, false, '2023-09-27 10:26:48', '2023-10-05 11:02:47');
insert into auction (description, name, image, owner_id, active, start_t, end_t) values ('Donec ut mauris eget massa tempor convallis.', 'Sleep Aid', 'http://dummyimage.com/108x100.png/cc0000/ffffff', 19, false, '2023-09-23 22:55:20', '2023-10-09 17:11:03');
insert into auction (description, name, image, owner_id, active, start_t, end_t) values ('Maecenas tincidunt lacus at velit.', 'Hydrochlorothiazide', 'http://dummyimage.com/203x100.png/cc0000/ffffff', 19, true, '2023-09-17 10:32:35', '2023-10-20 05:55:58');
insert into auction (description, name, image, owner_id, active, start_t, end_t) values ('Integer tincidunt ante vel ipsum. Praesent blandit lacinia erat.', 'First Aid Macimum Sterngth Bacitraycin Plus', 'http://dummyimage.com/151x100.png/dddddd/000000', 19, true, '2023-09-09 01:44:54', '2023-10-07 14:19:58');
insert into auction (description, name, image, owner_id, active, start_t, end_t) values ('Suspendisse potenti. Nullam porttitor lacus at turpis.', 'BENZOCAINE and RESORCINOL', 'http://dummyimage.com/138x100.png/dddddd/000000', 20, false, '2023-09-17 19:55:27', '2023-10-06 21:49:39');
insert into auction (description, name, image, owner_id, active, start_t, end_t) values ('Vestibulum ante ipsum primis in faucibus orci luctus et ultrices posuere cubilia Curae; Mauris viverra diam vitae quam.', 'NU SKIN', 'http://dummyimage.com/229x100.png/5fa2dd/ffffff', 20, false, '2023-09-14 12:43:03', '2023-10-03 07:12:57');
insert into auction (description, name, image, owner_id, active, start_t, end_t) values ('Maecenas leo odio, condimentum id, luctus nec, molestie sed, justo.', 'Cottonseed', 'http://dummyimage.com/178x100.png/5fa2dd/ffffff', 20, false, '2023-09-07 03:05:39', '2023-10-02 19:04:46');
insert into auction (description, name, image, owner_id, active, start_t, end_t) values ('Praesent lectus. Vestibulum quam sapien, varius ut, blandit non, interdum in, ante.', 'Zosyn', 'http://dummyimage.com/187x100.png/ff4444/ffffff', 20, false, '2023-09-20 19:31:51', '2023-10-04 11:55:29');
insert into auction (description, name, image, owner_id, active, start_t, end_t) values ('Lorem ipsum dolor sit amet, consectetuer adipiscing elit. Proin risus.', 'Oxybutynin Chloride', 'http://dummyimage.com/165x100.png/cc0000/ffffff', 20, false, '2023-09-05 21:52:26', '2023-10-05 21:34:34');
insert into auction (description, name, image, owner_id, active, start_t, end_t) values ('Vivamus vestibulum sagittis sapien. Cum sociis natoque penatibus et magnis dis parturient montes, nascetur ridiculus mus.', 'Sulfamethoxazole and Trimethoprim', 'http://dummyimage.com/152x100.png/ff4444/ffffff', 20, true, '2023-09-19 01:42:04', '2023-10-07 14:55:31');
insert into auction (description, name, image, owner_id, active, start_t, end_t) values ('Morbi non lectus.', 'Paroxetine', 'http://dummyimage.com/211x100.png/dddddd/000000', 20, true, '2023-09-08 00:57:38', '2023-10-05 06:55:09');
insert into auction (description, name, image, owner_id, active, start_t, end_t) values ('Aliquam quis turpis eget elit sodales scelerisque.', 'Alternaria alternata', 'http://dummyimage.com/197x100.png/dddddd/000000', 21, true, '2023-09-07 08:38:54', '2023-10-11 19:14:44');
insert into auction (description, name, image, owner_id, active, start_t, end_t) values ('Curabitur convallis. Duis consequat dui nec nisi volutpat eleifend.', 'Clindamycin Hydrochloride', 'http://dummyimage.com/147x100.png/dddddd/000000', 21, false, '2023-09-21 20:46:02', '2023-10-28 00:44:11');
insert into auction (description, name, image, owner_id, active, start_t, end_t) values ('Duis bibendum.', 'VFEND', 'http://dummyimage.com/161x100.png/5fa2dd/ffffff', 21, true, '2023-09-16 17:48:59', '2023-10-14 00:03:30');
insert into auction (description, name, image, owner_id, active, start_t, end_t) values ('Maecenas tristique, est et tempus semper, est quam pharetra magna, ac consequat metus sapien ut nunc.', 'O-Cal FA multivitamin', 'http://dummyimage.com/158x100.png/cc0000/ffffff', 21, false, '2023-09-06 19:48:00', '2023-10-13 11:59:02');
*/

insert into bid (amount, date, user_id, auction_id) values (1100000000, '2023-01-09 06:54:57', 2, 1);
insert into bid (amount, date, user_id, auction_id) values (800, '2023-01-02 12:34:01', 3, 2);
insert into bid (amount, date, user_id, auction_id) values (1000, '2023-05-15 20:38:56', 2, 3);
insert into bid (amount, date, user_id, auction_id) values (900, '2023-04-03 20:33:56', 2, 4);
insert into bid (amount, date, user_id, auction_id) values (850, '2023-10-11 13:07:13', 2, 5);
insert into bid (amount, date, user_id, auction_id) values (490, '2023-04-09 12:42:03', 7, 6);
insert into bid (amount, date, user_id, auction_id) values (5000, '2023-06-17 16:44:26', 15, 9);
insert into bid (amount, date, user_id, auction_id) values (1200, '2023-05-02 17:00:00', 20, 3);
insert into bid (amount, date, user_id, auction_id) values (850, '2023-06-07 11:17:22', 13, 7);
insert into bid (amount, date, user_id, auction_id) values (1000, '2023-10-04 17:02:25', 15, 10);
insert into bid (amount, date, user_id, auction_id) values (1410, '2022-10-29 17:50:50', 16, 10);
insert into bid (amount, date, user_id, auction_id) values (890, '2022-11-29 13:00:00', 42, 8);
insert into bid (amount, date, user_id, auction_id) values (1320, '2023-04-27 16:26:35', 14, 2);
insert into bid (amount, date, user_id, auction_id) values (6000, '2023-01-10 06:59:30', 12, 9);
insert into bid (amount, date, user_id, auction_id) values (1250000000, '2022-10-03 06:41:27', 13, 1);
insert into bid (amount, date, user_id, auction_id) values (2000000000, '2022-10-19 10:23:55', 18, 1);
insert into bid (amount, date, user_id, auction_id) values (1030, '2023-01-18 16:17:31', 27, 11);
insert into bid (amount, date, user_id, auction_id) values (930, '2022-12-13 01:42:01', 49, 35);
insert into bid (amount, date, user_id, auction_id) values (940, '2023-02-06 16:06:48', 24, 2);
insert into bid (amount, date, user_id, auction_id) values (3200, '2023-02-28 15:14:58', 12, 48);
insert into bid (amount, date, user_id, auction_id) values (820, '2023-01-16 13:09:45', 44, 54);
insert into bid (amount, date, user_id, auction_id) values (1500, '2023-06-10 04:24:12', 43, 41);
insert into bid (amount, date, user_id, auction_id) values (115.88, '2023-04-21 00:48:46', 50, 51);
insert into bid (amount, date, user_id, auction_id) values (5000, '2023-08-06 09:40:26', 49, 23);
insert into bid (amount, date, user_id, auction_id) values (2000, '2023-01-26 15:46:23', 10, 31);
insert into bid (amount, date, user_id, auction_id) values (1501, '2023-03-19 21:35:53', 49, 41);
insert into bid (amount, date, user_id, auction_id) values (1600, '2023-07-10 20:35:20', 43, 39);
insert into bid (amount, date, user_id, auction_id) values (3000, '2022-10-09 19:34:07', 20, 28);
insert into bid (amount, date, user_id, auction_id) values (1800, '2023-03-13 16:36:05', 43, 42);
insert into bid (amount, date, user_id, auction_id) values (1850, '2023-01-03 15:26:11', 15, 32);
insert into bid (amount, date, user_id, auction_id) values (1400, '2023-08-08 01:29:07', 27, 54);
insert into bid (amount, date, user_id, auction_id) values (1500, '2023-09-12 09:20:54', 4, 25);
insert into bid (amount, date, user_id, auction_id) values (1920, '2022-10-08 14:58:41', 29, 41);
insert into bid (amount, date, user_id, auction_id) values (1400, '2023-10-01 17:55:14', 35, 30);
insert into bid (amount, date, user_id, auction_id) values (1700, '2022-12-31 14:05:01', 14, 29);
insert into bid (amount, date, user_id, auction_id) values (2000, '2022-12-23 05:56:27', 7, 50);
insert into bid (amount, date, user_id, auction_id) values (2100, '2023-08-20 23:32:36', 10, 11);
insert into bid (amount, date, user_id, auction_id) values (1905, '2022-12-18 23:16:55', 33, 12);
insert into bid (amount, date, user_id, auction_id) values (1500, '2023-04-04 05:23:07', 9, 21);
insert into bid (amount, date, user_id, auction_id) values (3000, '2022-12-03 18:12:52', 12, 34);
insert into bid (amount, date, user_id, auction_id) values (4000, '2023-09-29 15:50:47', 33, 26);
insert into bid (amount, date, user_id, auction_id) values (10000, '2022-12-30 02:53:44', 2, 32);
insert into bid (amount, date, user_id, auction_id) values (5000, '2023-02-27 04:20:08', 26, 62);
insert into bid (amount, date, user_id, auction_id) values (6200, '2023-10-05 02:06:06', 25, 53);
insert into bid (amount, date, user_id, auction_id) values (7000, '2023-10-22 01:59:59', 22, 33);
insert into bid (amount, date, user_id, auction_id) values (20000, '2023-09-01 11:54:48', 25, 41);
insert into bid (amount, date, user_id, auction_id) values (50000, '2022-11-13 14:42:33', 23, 14);
insert into bid (amount, date, user_id, auction_id) values (10000, '2023-05-02 20:34:28', 50, 34);
insert into bid (amount, date, user_id, auction_id) values (20000, '2022-12-01 18:22:43', 50, 61);
insert into bid (amount, date, user_id, auction_id) values (30000, '2022-12-10 12:35:03', 50, 25);

/*
insert into comment (message, date, source_user_id) values ('Etiam vel augue.', '2023-10-11 20:10:37', 25);
insert into comment (message, date, source_user_id) values ('Phasellus id sapien in sapien iaculis congue. Vivamus metus arcu, adipiscing molestie, hendrerit at, vulputate vitae, nisl.', '2023-09-26 04:15:27', 46);
insert into comment (message, date, source_user_id) values ('Ut tellus. Nulla ut erat id mauris vulputate elementum. Nullam varius.', '2023-09-22 12:21:33', 8);
insert into comment (message, date, source_user_id) values ('Nulla neque libero, convallis eget, eleifend luctus, ultricies eu, nibh.', '2023-10-10 10:25:42', 14);
insert into comment (message, date, source_user_id) values ('Morbi sem mauris, laoreet ut, rhoncus aliquet, pulvinar sed, nisl.', '2023-10-04 19:35:41', 10);
insert into comment (message, date, source_user_id) values ('Maecenas pulvinar lobortis est.', '2023-09-22 21:21:16', 39);
insert into comment (message, date, source_user_id) values ('Vivamus vestibulum sagittis sapien.', '2023-09-16 10:53:43', 2);
insert into comment (message, date, source_user_id) values ('Morbi quis tortor id nulla ultrices aliquet.', '2023-09-20 03:51:47', 5);
insert into comment (message, date, source_user_id) values ('Phasellus sit amet erat. Nulla tempus. Vivamus in felis eu sapien cursus vestibulum.', '2023-10-07 03:08:13', 10);
insert into comment (message, date, source_user_id) values ('Vestibulum ante ipsum primis in faucibus orci luctus et ultrices posuere cubilia Curae; Duis faucibus accumsan odio. Curabitur convallis.', '2023-10-13 21:34:11', 22);
insert into comment (message, date, source_user_id) values ('Morbi quis tortor id nulla ultrices aliquet. Maecenas leo odio, condimentum id, luctus nec, molestie sed, justo.', '2023-10-08 20:37:44', 3);
insert into comment (message, date, source_user_id) values ('Pellentesque viverra pede ac diam.', '2023-10-20 21:04:37', 37);
insert into comment (message, date, source_user_id) values ('Duis at velit eu est congue elementum.', '2023-10-06 08:46:29', 24);
insert into comment (message, date, source_user_id) values ('Aenean auctor gravida sem. Praesent id massa id nisl venenatis lacinia. Aenean sit amet justo.', '2023-10-16 13:18:26', 26);
insert into comment (message, date, source_user_id) values ('Nam tristique tortor eu pede.', '2023-10-20 02:46:39', 12);
insert into comment (message, date, source_user_id) values ('Curabitur in libero ut massa volutpat convallis. Morbi odio odio, elementum eu, interdum eu, tincidunt in, leo. Maecenas pulvinar lobortis est.', '2023-10-07 15:40:52', 7);
insert into comment (message, date, source_user_id) values ('Vestibulum ac est lacinia nisi venenatis tristique.', '2023-10-16 11:23:57', 18);
insert into comment (message, date, source_user_id) values ('Morbi ut odio. Cras mi pede, malesuada in, imperdiet et, commodo vulputate, justo. In blandit ultrices enim.', '2023-09-20 13:53:58', 29);
insert into comment (message, date, source_user_id) values ('Pellentesque viverra pede ac diam. Cras pellentesque volutpat dui. Maecenas tristique, est et tempus semper, est quam pharetra magna, ac consequat metus sapien ut nunc.', '2023-09-30 01:17:44', 47);
insert into comment (message, date, source_user_id) values ('Nunc nisl.', '2023-09-18 18:51:08', 35);
insert into comment (message, date, source_user_id) values ('Etiam pretium iaculis justo. In hac habitasse platea dictumst. Etiam faucibus cursus urna.', '2023-10-15 14:04:07', 33);
insert into comment (message, date, source_user_id) values ('Morbi porttitor lorem id ligula.', '2023-10-02 06:16:12', 19);
insert into comment (message, date, source_user_id) values ('Curabitur in libero ut massa volutpat convallis.', '2023-10-12 23:30:20', 34);
insert into comment (message, date, source_user_id) values ('Donec dapibus.', '2023-09-13 23:37:55', 4);
insert into comment (message, date, source_user_id) values ('Mauris enim leo, rhoncus sed, vestibulum sit amet, cursus id, turpis. Integer aliquet, massa id lobortis convallis, tortor risus dapibus augue, vel accumsan tellus nisi eu orci.', '2023-09-18 19:44:32', 7);
insert into comment (message, date, source_user_id) values ('Aliquam quis turpis eget elit sodales scelerisque. Mauris sit amet eros. Suspendisse accumsan tortor quis turpis.', '2023-09-25 22:08:31', 42);
insert into comment (message, date, source_user_id) values ('Cras mi pede, malesuada in, imperdiet et, commodo vulputate, justo. In blandit ultrices enim.', '2023-09-27 15:03:06', 16);
insert into comment (message, date, source_user_id) values ('Duis bibendum.', '2023-09-26 05:59:28', 18);
insert into comment (message, date, source_user_id) values ('In hac habitasse platea dictumst. Morbi vestibulum, velit id pretium iaculis, diam erat fermentum justo, nec condimentum neque sapien placerat ante. Nulla justo.', '2023-10-11 11:24:09', 39);
insert into comment (message, date, source_user_id) values ('Nulla nisl. Nunc nisl. Duis bibendum, felis sed interdum venenatis, turpis enim blandit mi, in porttitor pede justo eu massa.', '2023-10-09 20:57:49', 4);
insert into comment (message, date, source_user_id) values ('Integer ac neque. Duis bibendum.', '2023-10-16 14:36:51', 43);
insert into comment (message, date, source_user_id) values ('Ut tellus. Nulla ut erat id mauris vulputate elementum.', '2023-10-17 02:03:51', 20);
insert into comment (message, date, source_user_id) values ('Duis bibendum. Morbi non quam nec dui luctus rutrum.', '2023-10-08 00:08:36', 21);
insert into comment (message, date, source_user_id) values ('Lorem ipsum dolor sit amet, consectetuer adipiscing elit. Proin risus. Praesent lectus.', '2023-09-28 05:07:52', 36);
insert into comment (message, date, source_user_id) values ('Proin interdum mauris non ligula pellentesque ultrices.', '2023-09-29 04:31:07', 23);
insert into comment (message, date, source_user_id) values ('Integer a nibh. In quis justo. Maecenas rhoncus aliquam lacus.', '2023-10-14 18:24:00', 2);
insert into comment (message, date, source_user_id) values ('Mauris lacinia sapien quis libero.', '2023-09-23 22:48:33', 24);
insert into comment (message, date, source_user_id) values ('Proin risus.', '2023-10-19 19:57:29', 30);
insert into comment (message, date, source_user_id) values ('Morbi porttitor lorem id ligula. Suspendisse ornare consequat lectus. In est risus, auctor sed, tristique in, tempus sit amet, sem.', '2023-10-18 09:19:47', 24);
insert into comment (message, date, source_user_id) values ('Proin at turpis a pede posuere nonummy.', '2023-10-10 15:34:50', 25);
*/

insert into comment (message, date, source_user_id) values ('Andreia is the best admin ever!', '2023-10-11 20:10:37', 3);
insert into comment (message, date, source_user_id) values ('João is an excellent business man from Mirandela!', '2023-09-26 04:15:27', 4);
insert into comment (message, date, source_user_id) values ('This is my friend Pedro Marcelino, a very trust-worthy auctioneer!', '2023-10-11 20:10:37', 2);
insert into comment (message, date, source_user_id) values ('I have known Pedro for a long time, he is a very good auctioneer.', '2023-09-26 04:15:27', 4);
insert into comment (message, date, source_user_id) values ('Is it really the Mona Lisa for auction? Wow!', '2023-10-11 20:10:37', 3);
insert into comment (message, date, source_user_id) values ('I love this painting!', '2023-09-26 04:15:27', 4);


insert into comment_user (comment_id, user_id, rating) values (1, 1, 5);
insert into comment_user (comment_id, user_id, rating) values (2, 2, 5);
insert into comment_user (comment_id, user_id, rating) values (3, 3, 5);
insert into comment_user (comment_id, user_id, rating) values (4, 3, 5);


insert into notifications (message, date, is_seen, user_id) values ('New Comment', '2023-09-19 04:49:12', false, 3);
insert into notifications (message, date, is_seen) values ('New Bid', '2023-10-07 13:24:11', false);
insert into notifications (message, date, is_seen) values ('New Bid', '2023-09-29 07:23:20', true);
insert into notifications (message, date, is_seen) values ('Auction Ended', '2023-09-14 17:49:37', false);
insert into notifications (message, date, is_seen) values ('Auction Began', '2023-09-13 14:55:23', true);
insert into notifications (message, date, is_seen) values ('New Comment', '2023-10-18 00:19:08', false);
insert into notifications (message, date, is_seen) values ('You Won', '2023-10-07 06:21:31', false);
insert into notifications (message, date, is_seen) values ('Auction Ended', '2023-10-08 10:27:52', false);
insert into notifications (message, date, is_seen) values ('Auction Ended', '2023-10-14 11:21:13', true);
insert into notifications (message, date, is_seen) values ('You Won', '2023-09-30 09:00:58', false);
insert into notifications (message, date, is_seen) values ('You Won', '2023-10-08 04:04:54', true);
insert into notifications (message, date, is_seen) values ('You Won', '2023-10-14 17:27:17', false);
insert into notifications (message, date, is_seen) values ('New Bid', '2023-10-10 18:12:23', false);
insert into notifications (message, date, is_seen) values ('You Lost', '2023-10-13 15:26:52', true);
insert into notifications (message, date, is_seen) values ('New Comment', '2023-09-29 05:05:35', true);
insert into notifications (message, date, is_seen) values ('Auction Began', '2023-09-15 20:47:27', false);
insert into notifications (message, date, is_seen) values ('New Comment', '2023-10-03 05:31:35', false);
insert into notifications (message, date, is_seen) values ('You Lost', '2023-09-22 22:28:04', false);
insert into notifications (message, date, is_seen) values ('New Comment', '2023-09-25 22:16:28', false);
insert into notifications (message, date, is_seen) values ('New Bid', '2023-09-19 08:28:35', false);
insert into notifications (message, date, is_seen) values ('You Won', '2023-10-22 23:35:25', false);
insert into notifications (message, date, is_seen) values ('You Lost', '2023-09-15 23:04:01', true);
insert into notifications (message, date, is_seen) values ('You Won', '2023-09-21 21:27:04', true);
insert into notifications (message, date, is_seen) values ('Auction Ended', '2023-10-17 13:42:24', true);
insert into notifications (message, date, is_seen) values ('Auction Ended', '2023-10-03 04:04:25', false);
insert into notifications (message, date, is_seen) values ('Auction Began', '2023-10-03 22:24:34', true);
insert into notifications (message, date, is_seen) values ('Auction Ended', '2023-10-17 12:28:06', true);
insert into notifications (message, date, is_seen) values ('Auction Began', '2023-10-17 04:23:19', true);
insert into notifications (message, date, is_seen) values ('Auction Began', '2023-10-10 03:23:02', true);
insert into notifications (message, date, is_seen) values ('New Bid', '2023-10-13 05:08:46', false);

insert into auction_save (user_id, auction_id) values (1, 1);
insert into auction_save (user_id, auction_id) values (1, 2);
insert into auction_save (user_id, auction_id) values (1, 3);
insert into auction_save (user_id, auction_id) values (2, 1);
insert into auction_save (user_id, auction_id) values (2, 2);
insert into auction_save (user_id, auction_id) values (2, 3);
insert into auction_save (user_id, auction_id) values (3, 1);
insert into auction_save (user_id, auction_id) values (4, 2);
insert into auction_save (user_id, auction_id) values (3, 3);
insert into auction_save (user_id, auction_id) values (4, 1);
insert into auction_save (user_id, auction_id) values (4, 3);



insert into auction_category (auction_id, category_id) values (1, 2);
insert into auction_category (auction_id, category_id) values (2, 2);
insert into auction_category (auction_id, category_id) values (3, 2);
insert into auction_category (auction_id, category_id) values (4, 2);
insert into auction_category (auction_id, category_id) values (5, 2);
insert into auction_category (auction_id, category_id) values (6, 2);
insert into auction_category (auction_id, category_id) values (7, 2);
insert into auction_category (auction_id, category_id) values (8, 2);
insert into auction_category (auction_id, category_id) values (9, 2);
insert into auction_category (auction_id, category_id) values (10, 2);


insert into faq (question, answer) values ('Is there a reserve price on items?','Yes, sellers on LeiloArte can set a minimum price for their items. This is known as a reserve price, ensuring that the item will not be sold for less than a predetermined amount.');
insert into faq (question, answer) values ('Can I retract a bid?','No, once a bid is placed on LeiloArte, it cannot be retracted. Bidding commits you to the potential purchase, so its important to consider your bid carefully before confirming.');
insert into faq (question, answer) values ('How long does an auction typically last?','The duration of each auction is determined by the owner of the item. Sellers set the auction period to a specified length, which could range from a few days to several weeks.');
insert into faq (question, answer) values ('How do I know if I´ve been outbid?','LeiloArte provides notifications to alert you if a new bid surpasses your current highest bid. This ensures that you are aware when you have been outbid and allows you to reconsider your bidding strategy.');
insert into faq (question, answer) values ('Are there any restrictions on the types of items I can auction?','Yes, LeiloArte is an exclusive auction site dedicated to the sale of art items. As such, only art-related items are permitted for auction on this platform, maintaining a specialized focus on the art market.');
